ISO-10303-21;
HEADER;
FILE_DESCRIPTION (( 'STEP AP214' ),
    '1' );
FILE_NAME ('BTA40-700B.STEP',
    '2024-02-01T04:43:20',
    ( 'LENOVO' ),
    ( '' ),
    'SwSTEP 2.0',
    'SolidWorks 2021',
    '' );
FILE_SCHEMA (( 'AUTOMOTIVE_DESIGN' ));
ENDSEC;

DATA;
#1 = VERTEX_POINT ( 'NONE', #1859 ) ;
#2 = CARTESIAN_POINT ( 'NONE',  ( 0.000000000000000000, 12.99999999999999822, 0.000000000000000000 ) ) ;
#3 = DIRECTION ( 'NONE',  ( 0.7880107536067207930, 0.000000000000000000, 0.6156614753256597350 ) ) ;
#4 = CARTESIAN_POINT ( 'NONE',  ( -15.24306007946369235, 16.50000000000000000, 0.000000000000000000 ) ) ;
#5 = DIRECTION ( 'NONE',  ( 0.000000000000000000, 0.000000000000000000, 1.000000000000000000 ) ) ;
#6 = VECTOR ( 'NONE', #989, 1000.000000000000000 ) ;
#7 = ORIENTED_EDGE ( 'NONE', *, *, #1784, .T. ) ;
#8 = MECHANICAL_DESIGN_GEOMETRIC_PRESENTATION_REPRESENTATION (  '', ( #758 ), #1120 ) ;
#9 = LINE ( 'NONE', #2021, #20 ) ;
#10 = DIRECTION ( 'NONE',  ( 0.000000000000000000, 1.000000000000000000, 0.000000000000000000 ) ) ;
#11 = ORIENTED_EDGE ( 'NONE', *, *, #1788, .T. ) ;
#12 = ORIENTED_EDGE ( 'NONE', *, *, #1182, .T. ) ;
#13 = CARTESIAN_POINT ( 'NONE',  ( 2.749999999999999112, -6.500000000000000888, -5.799999999999999822 ) ) ;
#14 = UNCERTAINTY_MEASURE_WITH_UNIT (LENGTH_MEASURE( 1.000000000000000082E-05 ), #1595, 'distance_accuracy_value', 'NONE');
#15 = VECTOR ( 'NONE', #594, 1000.000000000000000 ) ;
#16 = CARTESIAN_POINT ( 'NONE',  ( 0.000000000000000000, 3.500000000000003109, 0.000000000000000000 ) ) ;
#17 = CARTESIAN_POINT ( 'NONE',  ( -6.416510543876282391, 0.000000000000000000, 0.7686952844427060727 ) ) ;
#18 = ORIENTED_EDGE ( 'NONE', *, *, #1757, .F. ) ;
#19 = ADVANCED_FACE ( 'NONE', ( #1195 ), #1219, .T. ) ;
#20 = VECTOR ( 'NONE', #473, 1000.000000000000000 ) ;
#21 = ORIENTED_EDGE ( 'NONE', *, *, #1784, .F. ) ;
#22 = CARTESIAN_POINT ( 'NONE',  ( -1.650000000000000133, -3.749999999999999556, -5.799999999999999822 ) ) ;
#23 = AXIS2_PLACEMENT_3D ( 'NONE', #1613, #1865, #1594 ) ;
#24 = VECTOR ( 'NONE', #27, 1000.000000000000000 ) ;
#25 = ORIENTED_EDGE ( 'NONE', *, *, #1974, .F. ) ;
#26 = EDGE_CURVE ( 'NONE', #1162, #81, #1948, .T. ) ;
#27 = DIRECTION ( 'NONE',  ( 0.5446390350150281945, -0.000000000000000000, 0.8386705679454233842 ) ) ;
#28 = EDGE_CURVE ( 'NONE', #1199, #459, #1890, .T. ) ;
#29 = COLOUR_RGB ( '',0.7921568627450980005, 0.8196078431372548767, 0.9333333333333333481 ) ;
#30 = CARTESIAN_POINT ( 'NONE',  ( 6.817626755857640219, -8.078555197738248594, 0.6945973062242969398 ) ) ;
#31 = ORIENTED_EDGE ( 'NONE', *, *, #341, .T. ) ;
#32 = EDGE_CURVE ( 'NONE', #191, #751, #518, .T. ) ;
#33 = VECTOR ( 'NONE', #1677, 1000.000000000000114 ) ;
#34 = DIRECTION ( 'NONE',  ( 0.000000000000000000, -0.000000000000000000, 1.000000000000000000 ) ) ;
#35 = CARTESIAN_POINT ( 'NONE',  ( 0.000000000000000000, -3.749999999999999556, -6.599999999999999645 ) ) ;
#36 = ORIENTED_EDGE ( 'NONE', *, *, #1110, .T. ) ;
#37 = LINE ( 'NONE', #61, #33 ) ;
#38 = ORIENTED_EDGE ( 'NONE', *, *, #1864, .T. ) ;
#39 = ADVANCED_FACE ( 'NONE', ( #585 ), #636, .T. ) ;
#40 = VECTOR ( 'NONE', #1495, 999.9999999999998863 ) ;
#41 = ORIENTED_EDGE ( 'NONE', *, *, #380, .T. ) ;
#42 = MECHANICAL_DESIGN_GEOMETRIC_PRESENTATION_REPRESENTATION (  '', ( #988 ), #1136 ) ;
#43 = DIRECTION ( 'NONE',  ( 0.6156614753256598460, 0.000000000000000000, -0.7880107536067206819 ) ) ;
#44 = AXIS2_PLACEMENT_3D ( 'NONE', #205, #258, #1655 ) ;
#45 = CARTESIAN_POINT ( 'NONE',  ( 2.953706588865701033, 2.500000000000000444, 6.939604987813889458 ) ) ;
#46 = VERTEX_POINT ( 'NONE', #1971 ) ;
#47 = FACE_OUTER_BOUND ( 'NONE', #304, .T. ) ;
#48 = CARTESIAN_POINT ( 'NONE',  ( -2.750000000000000444, -6.500000000000000000, -6.599999999999999645 ) ) ;
#49 = PLANE ( 'NONE',  #172 ) ;
#50 = EDGE_LOOP ( 'NONE', ( #1331, #1347, #609, #95 ) ) ;
#51 = AXIS2_PLACEMENT_3D ( 'NONE', #135, #966, #1391 ) ;
#52 = LINE ( 'NONE', #263, #62 ) ;
#53 = ORIENTED_EDGE ( 'NONE', *, *, #157, .T. ) ;
#54 = APPLICATION_PROTOCOL_DEFINITION ( 'draft international standard', 'automotive_design', 1998, #1895 ) ;
#55 = EDGE_CURVE ( 'NONE', #924, #695, #1204, .T. ) ;
#56 = ORIENTED_EDGE ( 'NONE', *, *, #1714, .F. ) ;
#57 = CARTESIAN_POINT ( 'NONE',  ( 4.570462370918982664, -3.749999999999999556, 3.570836556888825175 ) ) ;
#58 = LINE ( 'NONE', #77, #1449 ) ;
#59 = CARTESIAN_POINT ( 'NONE',  ( -4.451530344219307267, -6.500000000000000000, 0.01188341755253580906 ) ) ;
#60 = ORIENTED_EDGE ( 'NONE', *, *, #721, .T. ) ;
#61 = CARTESIAN_POINT ( 'NONE',  ( 17.97152872702093873, 16.50000000000000000, 3.896657060467226152 ) ) ;
#62 = VECTOR ( 'NONE', #247, 1000.000000000000114 ) ;
#63 = DIRECTION ( 'NONE',  ( 0.7880107536067207930, 0.000000000000000000, 0.6156614753256597350 ) ) ;
#64 = DIRECTION ( 'NONE',  ( -1.000000000000000000, 0.000000000000000000, -0.000000000000000000 ) ) ;
#65 = ORIENTED_EDGE ( 'NONE', *, *, #317, .T. ) ;
#66 = VECTOR ( 'NONE', #442, 1000.000000000000000 ) ;
#67 = ORIENTED_EDGE ( 'NONE', *, *, #341, .F. ) ;
#68 = CIRCLE ( 'NONE', #1615, 13.50000000000000000 ) ;
#69 = ORIENTED_EDGE ( 'NONE', *, *, #400, .T. ) ;
#70 = DIRECTION ( 'NONE',  ( 0.000000000000000000, 1.000000000000000000, -0.000000000000000000 ) ) ;
#71 = CARTESIAN_POINT ( 'NONE',  ( 0.000000000000000000, -3.749999999999999556, -6.599999999999999645 ) ) ;
#72 = DIRECTION ( 'NONE',  ( 0.6156614753256597350, 5.257618283091363356E-17, -0.7880107536067209040 ) ) ;
#73 = VECTOR ( 'NONE', #437, 1000.000000000000114 ) ;
#74 = DIRECTION ( 'NONE',  ( 0.7880107536067207930, 0.000000000000000000, 0.6156614753256597350 ) ) ;
#75 = ORIENTED_EDGE ( 'NONE', *, *, #455, .T. ) ;
#76 = LINE ( 'NONE', #1086, #111 ) ;
#77 = CARTESIAN_POINT ( 'NONE',  ( 2.953706588865701033, -8.078555197738248594, 6.939604987813889458 ) ) ;
#78 = ORIENTED_EDGE ( 'NONE', *, *, #1200, .T. ) ;
#79 = EDGE_CURVE ( 'NONE', #2007, #1493, #532, .T. ) ;
#80 = LINE ( 'NONE', #1786, #1463 ) ;
#81 = VERTEX_POINT ( 'NONE', #1073 ) ;
#82 = EDGE_CURVE ( 'NONE', #756, #1700, #1906, .T. ) ;
#83 = LINE ( 'NONE', #394, #1432 ) ;
#84 = VERTEX_POINT ( 'NONE', #766 ) ;
#85 = CARTESIAN_POINT ( 'NONE',  ( 1.774235401939120660, -3.749999999999998668, -2.225328905691459802 ) ) ;
#86 = LINE ( 'NONE', #1952, #1412 ) ;
#87 = DIRECTION ( 'NONE',  ( 0.6156614753256597350, 0.000000000000000000, -0.7880107536067207930 ) ) ;
#88 = VERTEX_POINT ( 'NONE', #311 ) ;
#89 = VECTOR ( 'NONE', #1113, 1000.000000000000000 ) ;
#90 = DIRECTION ( 'NONE',  ( 0.000000000000000000, 0.000000000000000000, 1.000000000000000000 ) ) ;
#91 = CARTESIAN_POINT ( 'NONE',  ( 2.917977375470679924, -7.499999999999999112, -0.4641207130060714392 ) ) ;
#92 = VERTEX_POINT ( 'NONE', #1689 ) ;
#93 = ADVANCED_FACE ( 'NONE', ( #552 ), #536, .F. ) ;
#94 = LINE ( 'NONE', #174, #103 ) ;
#95 = ORIENTED_EDGE ( 'NONE', *, *, #1405, .F. ) ;
#96 = VECTOR ( 'NONE', #98, 1000.000000000000000 ) ;
#97 = VERTEX_POINT ( 'NONE', #1337 ) ;
#98 = DIRECTION ( 'NONE',  ( -0.5446390350150278614, 0.000000000000000000, -0.8386705679454234952 ) ) ;
#99 = LINE ( 'NONE', #17, #96 ) ;
#100 = CARTESIAN_POINT ( 'NONE',  ( -15.24306007946369235, 14.02500000000000036, 0.000000000000000000 ) ) ;
#101 = ORIENTED_EDGE ( 'NONE', *, *, #1862, .T. ) ;
#102 = EDGE_CURVE ( 'NONE', #590, #1826, #1923, .T. ) ;
#103 = VECTOR ( 'NONE', #296, 999.9999999999998863 ) ;
#104 = DIRECTION ( 'NONE',  ( 0.000000000000000000, 1.000000000000000000, 0.000000000000000000 ) ) ;
#105 = DIRECTION ( 'NONE',  ( 0.5446390350150281945, 0.000000000000000000, 0.8386705679454233842 ) ) ;
#106 = ORIENTED_EDGE ( 'NONE', *, *, #360, .F. ) ;
#107 = PRESENTATION_STYLE_ASSIGNMENT (( #697 ) ) ;
#108 = EDGE_CURVE ( 'NONE', #88, #818, #1886, .T. ) ;
#109 = ORIENTED_EDGE ( 'NONE', *, *, #700, .T. ) ;
#110 = PLANE ( 'NONE',  #774 ) ;
#111 = VECTOR ( 'NONE', #972, 1000.000000000000114 ) ;
#112 = ORIENTED_EDGE ( 'NONE', *, *, #748, .F. ) ;
#113 = DIRECTION ( 'NONE',  ( 0.000000000000000000, 1.000000000000000000, 0.000000000000000000 ) ) ;
#114 = FACE_OUTER_BOUND ( 'NONE', #2005, .T. ) ;
#115 = DIRECTION ( 'NONE',  ( 1.000000000000000000, -0.000000000000000000, 1.224646799147353207E-16 ) ) ;
#116 = EDGE_LOOP ( 'NONE', ( #809, #652, #634, #1255, #1488, #565, #128, #1268, #1482, #1244 ) ) ;
#117 = AXIS2_PLACEMENT_3D ( 'NONE', #1892, #1907, #64 ) ;
#118 = AXIS2_PLACEMENT_3D ( 'NONE', #726, #1803, #1959 ) ;
#119 = CYLINDRICAL_SURFACE ( 'NONE', #994, 1.650000000000000133 ) ;
#120 = CARTESIAN_POINT ( 'NONE',  ( 3.507801916658799701, -6.500000000000000000, 6.230395309567837714 ) ) ;
#121 = DIRECTION ( 'NONE',  ( -0.000000000000000000, -1.000000000000000000, -0.000000000000000000 ) ) ;
#122 = VERTEX_POINT ( 'NONE', #1081 ) ;
#123 = EDGE_LOOP ( 'NONE', ( #622, #784, #1184, #239 ) ) ;
#124 = CARTESIAN_POINT ( 'NONE',  ( 3.353688603482702479, 4.898587196589409870E-16, 0.2068157413502667019 ) ) ;
#125 = ORIENTED_EDGE ( 'NONE', *, *, #189, .F. ) ;
#126 = DIRECTION ( 'NONE',  ( -1.000000000000000000, 0.000000000000000000, 0.000000000000000000 ) ) ;
#127 = CARTESIAN_POINT ( 'NONE',  ( -6.624503818469849925, -7.500000000000000000, 1.917276495208338982 ) ) ;
#128 = ORIENTED_EDGE ( 'NONE', *, *, #315, .T. ) ;
#129 = AXIS2_PLACEMENT_3D ( 'NONE', #1530, #1367, #527 ) ;
#130 = CARTESIAN_POINT ( 'NONE',  ( -7.087446998232621809, 0.000000000000000000, 1.204406512454728739 ) ) ;
#131 = DIRECTION ( 'NONE',  ( 0.000000000000000000, 1.000000000000000000, 0.000000000000000000 ) ) ;
#132 = EDGE_LOOP ( 'NONE', ( #1773, #1119, #1496, #616 ) ) ;
#133 = EDGE_CURVE ( 'NONE', #1281, #1475, #547, .T. ) ;
#134 = ORIENTED_EDGE ( 'NONE', *, *, #563, .T. ) ;
#135 = CARTESIAN_POINT ( 'NONE',  ( -3.835868868893647310, -7.500000000000000000, -0.7761273360541850463 ) ) ;
#136 = ORIENTED_EDGE ( 'NONE', *, *, #452, .F. ) ;
#137 = DIRECTION ( 'NONE',  ( -1.000000000000000000, 0.000000000000000000, -0.000000000000000000 ) ) ;
#138 = SURFACE_STYLE_USAGE ( .BOTH. , #358 ) ;
#139 = ORIENTED_EDGE ( 'NONE', *, *, #1318, .F. ) ;
#140 = MECHANICAL_DESIGN_GEOMETRIC_PRESENTATION_REPRESENTATION (  '', ( #1619 ), #1517 ) ;
#141 = ADVANCED_FACE ( 'NONE', ( #1868 ), #1883, .T. ) ;
#142 = DIRECTION ( 'NONE',  ( -0.6156614753256597350, 0.000000000000000000, 0.7880107536067207930 ) ) ;
#143 = CARTESIAN_POINT ( 'NONE',  ( 1.749999999999999334, -7.500000000000000888, -5.799999999999999822 ) ) ;
#144 = DIRECTION ( 'NONE',  ( 0.3851179549580233119, 0.7071067811865487940, 0.5930296457757809891 ) ) ;
#145 = ADVANCED_FACE ( 'NONE', ( #1189 ), #554, .T. ) ;
#146 = EDGE_LOOP ( 'NONE', ( #1096, #1266, #1330, #1304 ) ) ;
#147 = FACE_OUTER_BOUND ( 'NONE', #1973, .T. ) ;
#148 = CIRCLE ( 'NONE', #592, 9.999999999999984013 ) ;
#149 = EDGE_LOOP ( 'NONE', ( #1220, #264, #886, #18 ) ) ;
#150 = LINE ( 'NONE', #984, #843 ) ;
#151 = CARTESIAN_POINT ( 'NONE',  ( 6.817626755857640219, 0.000000000000000000, 0.6945973062242971618 ) ) ;
#152 = VECTOR ( 'NONE', #447, 1000.000000000000000 ) ;
#153 = VERTEX_POINT ( 'NONE', #1942 ) ;
#154 = CYLINDRICAL_SURFACE ( 'NONE', #377, 11.00000000000000000 ) ;
#155 = EDGE_CURVE ( 'NONE', #1, #720, #526, .T. ) ;
#156 = DIRECTION ( 'NONE',  ( -2.478176394252582620E-16, -1.000000000000000000, 0.000000000000000000 ) ) ;
#157 = EDGE_CURVE ( 'NONE', #529, #1, #1870, .T. ) ;
#158 =( NAMED_UNIT ( * ) SI_UNIT ( $, .STERADIAN. ) SOLID_ANGLE_UNIT ( ) );
#159 = FACE_OUTER_BOUND ( 'NONE', #50, .T. ) ;
#160 = EDGE_LOOP ( 'NONE', ( #870, #614 ) ) ;
#161 = VECTOR ( 'NONE', #1772, 1000.000000000000000 ) ;
#162 = CARTESIAN_POINT ( 'NONE',  ( 0.000000000000000000, 12.99999999999999822, 0.000000000000000000 ) ) ;
#163 = ORIENTED_EDGE ( 'NONE', *, *, #805, .F. ) ;
#164 = LINE ( 'NONE', #730, #234 ) ;
#165 = ORIENTED_EDGE ( 'NONE', *, *, #1200, .F. ) ;
#166 = EDGE_LOOP ( 'NONE', ( #2011, #1336, #1326, #1202, #505, #690, #921, #665, #203 ) ) ;
#167 = FACE_OUTER_BOUND ( 'NONE', #2020, .T. ) ;
#168 = VECTOR ( 'NONE', #469, 1000.000000000000000 ) ;
#169 = EDGE_LOOP ( 'NONE', ( #1167, #1854 ) ) ;
#170 = CARTESIAN_POINT ( 'NONE',  ( -4.374114162569929576, -3.749999999999998668, 3.913709914238046039 ) ) ;
#171 = FACE_OUTER_BOUND ( 'NONE', #1311, .T. ) ;
#172 = AXIS2_PLACEMENT_3D ( 'NONE', #1924, #1690, #385 ) ;
#173 = DIRECTION ( 'NONE',  ( 0.000000000000000000, 1.000000000000000000, 0.000000000000000000 ) ) ;
#174 = CARTESIAN_POINT ( 'NONE',  ( -4.451530344219307267, 0.000000000000000000, 0.01188341755253580906 ) ) ;
#175 = DIRECTION ( 'NONE',  ( 0.000000000000000000, 1.000000000000000000, -0.000000000000000000 ) ) ;
#176 = LINE ( 'NONE', #1620, #220 ) ;
#177 = VERTEX_POINT ( 'NONE', #917 ) ;
#178 = ORIENTED_EDGE ( 'NONE', *, *, #1842, .T. ) ;
#179 = VECTOR ( 'NONE', #1254, 1000.000000000000000 ) ;
#180 = CARTESIAN_POINT ( 'NONE',  ( 17.97152872702093873, 14.02500000000000036, -3.896657060467226152 ) ) ;
#181 = ORIENTED_EDGE ( 'NONE', *, *, #1036, .F. ) ;
#182 = CIRCLE ( 'NONE', #218, 2.125000000000000888 ) ;
#183 = DIRECTION ( 'NONE',  ( 0.000000000000000000, 1.000000000000000000, 0.000000000000000000 ) ) ;
#184 = CARTESIAN_POINT ( 'NONE',  ( 15.04999999999999893, 14.02500000000000036, -2.125000000000000888 ) ) ;
#185 = AXIS2_PLACEMENT_3D ( 'NONE', #2004, #992, #589 ) ;
#186 = VERTEX_POINT ( 'NONE', #1494 ) ;
#187 = FACE_OUTER_BOUND ( 'NONE', #1018, .T. ) ;
#188 = DIRECTION ( 'NONE',  ( 0.000000000000000000, -0.000000000000000000, 1.000000000000000000 ) ) ;
#189 = EDGE_CURVE ( 'NONE', #1142, #1678, #530, .T. ) ;
#190 = FACE_OUTER_BOUND ( 'NONE', #1240, .T. ) ;
#191 = VERTEX_POINT ( 'NONE', #130 ) ;
#192 = FACE_OUTER_BOUND ( 'NONE', #1339, .T. ) ;
#193 = DIRECTION ( 'NONE',  ( -0.000000000000000000, 1.000000000000000000, -0.000000000000000000 ) ) ;
#194 = PLANE ( 'NONE',  #1491 ) ;
#195 = DIRECTION ( 'NONE',  ( 0.000000000000000000, 1.000000000000000000, 0.000000000000000000 ) ) ;
#196 = FACE_OUTER_BOUND ( 'NONE', #123, .T. ) ;
#197 = ORIENTED_EDGE ( 'NONE', *, *, #108, .F. ) ;
#198 = LINE ( 'NONE', #467, #179 ) ;
#199 = CARTESIAN_POINT ( 'NONE',  ( 15.04999999999999893, 14.02500000000000036, 0.000000000000000000 ) ) ;
#200 = LINE ( 'NONE', #425, #832 ) ;
#201 = ORIENTED_EDGE ( 'NONE', *, *, #1715, .T. ) ;
#202 = CIRCLE ( 'NONE', #743, 12.02499999999999858 ) ;
#203 = ORIENTED_EDGE ( 'NONE', *, *, #1969, .F. ) ;
#204 = LINE ( 'NONE', #495, #877 ) ;
#205 = CARTESIAN_POINT ( 'NONE',  ( -15.24306007946369235, 14.02500000000000036, 0.000000000000000000 ) ) ;
#206 = ADVANCED_FACE ( 'NONE', ( #540 ), #1160, .T. ) ;
#207 = CARTESIAN_POINT ( 'NONE',  ( -2.750000000000000444, -6.500000000000000000, -5.799999999999999822 ) ) ;
#208 = AXIS2_PLACEMENT_3D ( 'NONE', #71, #367, #1450 ) ;
#209 = ORIENTED_EDGE ( 'NONE', *, *, #1817, .T. ) ;
#210 = CARTESIAN_POINT ( 'NONE',  ( 15.04999999999999893, 14.02500000000000036, 2.125000000000000888 ) ) ;
#211 = LINE ( 'NONE', #1383, #1510 ) ;
#212 = CARTESIAN_POINT ( 'NONE',  ( 15.04999999999999893, 14.02500000000000036, 0.000000000000000000 ) ) ;
#213 = CIRCLE ( 'NONE', #1222, 13.50000000000000000 ) ;
#214 = ORIENTED_EDGE ( 'NONE', *, *, #1537, .T. ) ;
#215 = VECTOR ( 'NONE', #1776, 1000.000000000000000 ) ;
#216 = ORIENTED_EDGE ( 'NONE', *, *, #1969, .T. ) ;
#217 = LINE ( 'NONE', #1107, #1551 ) ;
#218 = AXIS2_PLACEMENT_3D ( 'NONE', #454, #1239, #1745 ) ;
#219 = EDGE_CURVE ( 'NONE', #1233, #1509, #1930, .T. ) ;
#220 = VECTOR ( 'NONE', #1755, 1000.000000000000000 ) ;
#221 = ORIENTED_EDGE ( 'NONE', *, *, #1087, .T. ) ;
#222 = FACE_OUTER_BOUND ( 'NONE', #1106, .T. ) ;
#223 = CARTESIAN_POINT ( 'NONE',  ( -4.881658906421759703, -7.499999999999999112, 4.601022312633693545 ) ) ;
#224 = EDGE_CURVE ( 'NONE', #720, #1486, #1242, .T. ) ;
#225 = DIRECTION ( 'NONE',  ( 0.000000000000000000, 0.000000000000000000, 1.000000000000000000 ) ) ;
#226 = EDGE_CURVE ( 'NONE', #405, #1493, #558, .T. ) ;
#227 = LINE ( 'NONE', #1732, #906 ) ;
#228 = ORIENTED_EDGE ( 'NONE', *, *, #259, .T. ) ;
#229 = CIRCLE ( 'NONE', #692, 4.756939920536306765 ) ;
#230 = ADVANCED_FACE ( 'NONE', ( #1919 ), #580, .T. ) ;
#231 = CARTESIAN_POINT ( 'NONE',  ( -6.025400879953320299, -3.749999999999998668, 2.839814119948306015 ) ) ;
#232 = DIRECTION ( 'NONE',  ( -0.000000000000000000, 1.000000000000000000, -0.000000000000000000 ) ) ;
#233 = EDGE_LOOP ( 'NONE', ( #976, #1374, #544, #382 ) ) ;
#234 = VECTOR ( 'NONE', #1794, 1000.000000000000000 ) ;
#235 = CARTESIAN_POINT ( 'NONE',  ( 0.000000000000000000, 3.500000000000003109, 0.000000000000000000 ) ) ;
#236 = LINE ( 'NONE', #1758, #874 ) ;
#237 = ORIENTED_EDGE ( 'NONE', *, *, #226, .T. ) ;
#238 = VECTOR ( 'NONE', #461, 1000.000000000000114 ) ;
#239 = ORIENTED_EDGE ( 'NONE', *, *, #1605, .F. ) ;
#240 = DIRECTION ( 'NONE',  ( -0.8386705679454232731, 0.000000000000000000, 0.5446390350150281945 ) ) ;
#241 = CARTESIAN_POINT ( 'NONE',  ( 2.749999999999999112, -6.500000000000000888, -6.599999999999999645 ) ) ;
#242 = LINE ( 'NONE', #396, #953 ) ;
#243 = ORIENTED_EDGE ( 'NONE', *, *, #399, .T. ) ;
#244 = CARTESIAN_POINT ( 'NONE',  ( -3.775011224053398173, -6.699999999999996625, 4.836247538978009963 ) ) ;
#245 = FACE_BOUND ( 'NONE', #608, .T. ) ;
#246 = DIRECTION ( 'NONE',  ( 0.6156614753256597350, 0.000000000000000000, -0.7880107536067207930 ) ) ;
#247 = DIRECTION ( 'NONE',  ( 0.3851179549580235340, 0.7071067811865481278, 0.5930296457757814332 ) ) ;
#248 = LINE ( 'NONE', #1976, #986 ) ;
#249 = FACE_OUTER_BOUND ( 'NONE', #1532, .T. ) ;
#250 = ADVANCED_FACE ( 'NONE', ( #1275 ), #1172, .F. ) ;
#251 = CARTESIAN_POINT ( 'NONE',  ( 1.175132463422589923, -6.699999999999997513, -3.147866530431425058 ) ) ;
#252 = CIRCLE ( 'NONE', #491, 0.9000000000000003553 ) ;
#253 = LINE ( 'NONE', #612, #930 ) ;
#254 = AXIS2_PLACEMENT_3D ( 'NONE', #1621, #1126, #1016 ) ;
#255 = DIRECTION ( 'NONE',  ( 0.7880107536067207930, 0.000000000000000000, 0.6156614753256597350 ) ) ;
#256 = FACE_OUTER_BOUND ( 'NONE', #2032, .T. ) ;
#257 = VECTOR ( 'NONE', #722, 1000.000000000000000 ) ;
#258 = DIRECTION ( 'NONE',  ( 0.000000000000000000, 1.000000000000000000, 0.000000000000000000 ) ) ;
#259 = EDGE_CURVE ( 'NONE', #84, #631, #1260, .T. ) ;
#260 = CIRCLE ( 'NONE', #935, 2.125000000000000888 ) ;
#261 = PLANE ( 'NONE',  #1186 ) ;
#262 = DIRECTION ( 'NONE',  ( 0.7071067811865474617, -0.7071067811865474617, 0.000000000000000000 ) ) ;
#263 = CARTESIAN_POINT ( 'NONE',  ( -4.881658906421759703, -7.500000000000000000, 4.601022312633693545 ) ) ;
#264 = ORIENTED_EDGE ( 'NONE', *, *, #1110, .F. ) ;
#265 = CARTESIAN_POINT ( 'NONE',  ( 0.000000000000000000, 14.02500000000000036, 0.000000000000000000 ) ) ;
#266 = FACE_OUTER_BOUND ( 'NONE', #1945, .T. ) ;
#267 = LINE ( 'NONE', #1429, #949 ) ;
#268 = ORIENTED_EDGE ( 'NONE', *, *, #1771, .F. ) ;
#269 = AXIS2_PLACEMENT_3D ( 'NONE', #2015, #156, #1866 ) ;
#270 = LINE ( 'NONE', #1789, #1639 ) ;
#271 = VECTOR ( 'NONE', #74, 999.9999999999998863 ) ;
#272 = CARTESIAN_POINT ( 'NONE',  ( 6.817626755857640219, 2.500000000000000444, 0.6945973062242969398 ) ) ;
#273 = EDGE_LOOP ( 'NONE', ( #1348, #112, #1361, #626 ) ) ;
#274 = LINE ( 'NONE', #808, #1635 ) ;
#275 = FACE_BOUND ( 'NONE', #1380, .T. ) ;
#276 = CARTESIAN_POINT ( 'NONE',  ( -3.312068044290622737, 2.500000000000000444, 5.549117521731620428 ) ) ;
#277 = DIRECTION ( 'NONE',  ( -0.7880107536067209040, 0.000000000000000000, -0.6156614753256597350 ) ) ;
#278 = VERTEX_POINT ( 'NONE', #143 ) ;
#279 = LINE ( 'NONE', #427, #926 ) ;
#280 = VECTOR ( 'NONE', #927, 999.9999999999998863 ) ;
#281 = AXIS2_PLACEMENT_3D ( 'NONE', #1804, #1351, #1960 ) ;
#282 = DIRECTION ( 'NONE',  ( 0.000000000000000000, 0.000000000000000000, 1.000000000000000000 ) ) ;
#283 = DIRECTION ( 'NONE',  ( 0.000000000000000000, -0.000000000000000000, 1.000000000000000000 ) ) ;
#284 = ORIENTED_EDGE ( 'NONE', *, *, #1701, .F. ) ;
#285 = CIRCLE ( 'NONE', #23, 0.9000000000000003553 ) ;
#286 = CIRCLE ( 'NONE', #1178, 1.650000000000000355 ) ;
#287 = AXIS2_PLACEMENT_3D ( 'NONE', #364, #1452, #1759 ) ;
#288 = VERTEX_POINT ( 'NONE', #615 ) ;
#289 = EDGE_CURVE ( 'NONE', #695, #405, #606, .T. ) ;
#290 = CARTESIAN_POINT ( 'NONE',  ( 0.000000000000000000, 0.000000000000000000, 0.000000000000000000 ) ) ;
#291 = LINE ( 'NONE', #1747, #1670 ) ;
#292 = VECTOR ( 'NONE', #1703, 1000.000000000000114 ) ;
#293 = DIRECTION ( 'NONE',  ( 0.7880107536067209040, 0.000000000000000000, 0.6156614753256597350 ) ) ;
#294 = ORIENTED_EDGE ( 'NONE', *, *, #1788, .F. ) ;
#295 = VECTOR ( 'NONE', #1850, 1000.000000000000000 ) ;
#296 = DIRECTION ( 'NONE',  ( 0.7880107536067207930, 0.000000000000000000, 0.6156614753256597350 ) ) ;
#297 = ADVANCED_FACE ( 'NONE', ( #1909 ), #1582, .F. ) ;
#298 = LINE ( 'NONE', #1003, #969 ) ;
#299 = DIRECTION ( 'NONE',  ( 3.236913028867190683E-17, -1.000000000000000000, -4.143059745435297602E-17 ) ) ;
#300 = FACE_BOUND ( 'NONE', #1111, .T. ) ;
#301 = CYLINDRICAL_SURFACE ( 'NONE', #308, 11.00000000000000000 ) ;
#302 = FACE_BOUND ( 'NONE', #1098, .T. ) ;
#303 = CARTESIAN_POINT ( 'NONE',  ( 0.000000000000000000, -3.749999999999999556, 3.500537618869138168 ) ) ;
#304 = EDGE_LOOP ( 'NONE', ( #1856, #1871, #1954, #1284 ) ) ;
#305 = LINE ( 'NONE', #124, #1606 ) ;
#306 = FACE_BOUND ( 'NONE', #422, .T. ) ;
#307 = DIRECTION ( 'NONE',  ( 1.224646799147352961E-16, 0.000000000000000000, -1.000000000000000000 ) ) ;
#308 = AXIS2_PLACEMENT_3D ( 'NONE', #319, #1825, #441 ) ;
#309 = VECTOR ( 'NONE', #828, 1000.000000000000000 ) ;
#310 = VECTOR ( 'NONE', #390, 1000.000000000000000 ) ;
#311 = CARTESIAN_POINT ( 'NONE',  ( -3.650000000000003464, 0.000000000000000000, -6.599999999999999645 ) ) ;
#312 = CARTESIAN_POINT ( 'NONE',  ( -5.354464425596979993, -3.749999999999998668, 2.404102891936281683 ) ) ;
#313 = ORIENTED_EDGE ( 'NONE', *, *, #531, .T. ) ;
#314 = TOROIDAL_SURFACE ( 'NONE', #970, 12.02499999999999858, 1.024999999999999911 ) ;
#315 = EDGE_CURVE ( 'NONE', #1322, #444, #1953, .T. ) ;
#316 = VECTOR ( 'NONE', #1079, 1000.000000000000000 ) ;
#317 = EDGE_CURVE ( 'NONE', #1958, #459, #591, .T. ) ;
#318 = ORIENTED_EDGE ( 'NONE', *, *, #1801, .F. ) ;
#319 = CARTESIAN_POINT ( 'NONE',  ( 0.000000000000000000, -42.61269837220808654, 0.000000000000000000 ) ) ;
#320 = ORIENTED_EDGE ( 'NONE', *, *, #1048, .T. ) ;
#321 = VECTOR ( 'NONE', #749, 1000.000000000000114 ) ;
#322 = CARTESIAN_POINT ( 'NONE',  ( -15.04999999999999893, 14.02500000000000036, 2.125000000000000888 ) ) ;
#323 = ORIENTED_EDGE ( 'NONE', *, *, #1537, .F. ) ;
#324 = AXIS2_PLACEMENT_3D ( 'NONE', #35, #865, #1033 ) ;
#325 = VECTOR ( 'NONE', #939, 1000.000000000000114 ) ;
#326 = DIRECTION ( 'NONE',  ( -0.000000000000000000, 1.000000000000000000, -0.000000000000000000 ) ) ;
#327 = DIRECTION ( 'NONE',  ( 0.000000000000000000, 0.000000000000000000, -1.000000000000000000 ) ) ;
#328 = ADVANCED_FACE ( 'NONE', ( #1929 ), #194, .F. ) ;
#329 = ORIENTED_EDGE ( 'NONE', *, *, #2003, .T. ) ;
#330 = CARTESIAN_POINT ( 'NONE',  ( 3.649999999999996358, -8.078555197738248594, -6.599999999999999645 ) ) ;
#331 = DIRECTION ( 'NONE',  ( -0.8191520442889911324, 0.000000000000000000, -0.5735764363510470476 ) ) ;
#332 = CARTESIAN_POINT ( 'NONE',  ( 7.448035358743015699, -8.078555197738248594, 1.187126486484825660 ) ) ;
#333 = CARTESIAN_POINT ( 'NONE',  ( 2.877393313773420225, -6.500000000000000000, 5.737866129307306551 ) ) ;
#334 = ORIENTED_EDGE ( 'NONE', *, *, #1912, .F. ) ;
#335 = EDGE_CURVE ( 'NONE', #1142, #153, #1963, .T. ) ;
#336 = CARTESIAN_POINT ( 'NONE',  ( -3.650000000000003464, -8.078555197738248594, -5.799999999999999822 ) ) ;
#337 = DIRECTION ( 'NONE',  ( 0.000000000000000000, 0.000000000000000000, 1.000000000000000000 ) ) ;
#338 = EDGE_CURVE ( 'NONE', #1288, #604, #618, .T. ) ;
#339 = DIRECTION ( 'NONE',  ( -0.8386705679454232731, 1.232595164407830809E-32, 0.5446390350150281945 ) ) ;
#340 = ORIENTED_EDGE ( 'NONE', *, *, #1131, .T. ) ;
#341 = EDGE_CURVE ( 'NONE', #551, #1290, #603, .T. ) ;
#342 = ADVANCED_FACE ( 'NONE', ( #620 ), #1302, .F. ) ;
#343 = CARTESIAN_POINT ( 'NONE',  ( 7.448035358743015699, 0.000000000000000000, 1.187126486484825660 ) ) ;
#344 = VERTEX_POINT ( 'NONE', #272 ) ;
#345 = SURFACE_STYLE_FILL_AREA ( #1088 ) ;
#346 = DIRECTION ( 'NONE',  ( -0.5446390350150278614, 0.000000000000000000, -0.8386705679454234952 ) ) ;
#347 = PLANE ( 'NONE',  #1937 ) ;
#348 = AXIS2_PLACEMENT_3D ( 'NONE', #891, #126, #1477 ) ;
#349 = DIRECTION ( 'NONE',  ( -0.000000000000000000, -1.000000000000000000, -0.000000000000000000 ) ) ;
#350 = ORIENTED_EDGE ( 'NONE', *, *, #511, .F. ) ;
#351 = ORIENTED_EDGE ( 'NONE', *, *, #1196, .T. ) ;
#352 = DIRECTION ( 'NONE',  ( -0.8386705679454233842, 0.000000000000000000, 0.5446390350150281945 ) ) ;
#353 = VECTOR ( 'NONE', #632, 1000.000000000000000 ) ;
#354 = AXIS2_PLACEMENT_3D ( 'NONE', #199, #1858, #1253 ) ;
#355 = PLANE ( 'NONE',  #600 ) ;
#356 = CARTESIAN_POINT ( 'NONE',  ( -5.953567364113510507, 0.000000000000000000, 1.481565267196315983 ) ) ;
#357 = AXIS2_PLACEMENT_3D ( 'NONE', #4, #183, #362 ) ;
#358 = SURFACE_SIDE_STYLE ('',( #345 ) ) ;
#359 = VECTOR ( 'NONE', #942, 999.9999999999998863 ) ;
#360 = EDGE_CURVE ( 'NONE', #191, #582, #1946, .T. ) ;
#361 = DIRECTION ( 'NONE',  ( 0.000000000000000000, 0.000000000000000000, -1.000000000000000000 ) ) ;
#362 = DIRECTION ( 'NONE',  ( 0.000000000000000000, 0.000000000000000000, 1.000000000000000000 ) ) ;
#363 = DIRECTION ( 'NONE',  ( -0.8386705679454232731, 0.000000000000000000, 0.5446390350150281945 ) ) ;
#364 = CARTESIAN_POINT ( 'NONE',  ( 15.04999999999999893, 16.50000000000000000, 0.000000000000000000 ) ) ;
#365 = DIRECTION ( 'NONE',  ( 0.000000000000000000, 1.000000000000000000, 0.000000000000000000 ) ) ;
#366 = PRODUCT_RELATED_PRODUCT_CATEGORY ( 'part', '', ( #1317 ) ) ;
#367 = DIRECTION ( 'NONE',  ( 0.000000000000000000, 0.000000000000000000, -1.000000000000000000 ) ) ;
#368 = DIRECTION ( 'NONE',  ( 0.000000000000000000, 0.000000000000000000, 1.000000000000000000 ) ) ;
#369 = EDGE_CURVE ( 'NONE', #2007, #288, #625, .T. ) ;
#370 = CARTESIAN_POINT ( 'NONE',  ( -17.97152872702093873, 16.50000000000000000, 3.896657060467226152 ) ) ;
#371 = EDGE_CURVE ( 'NONE', #829, #644, #1295, .T. ) ;
#372 = CARTESIAN_POINT ( 'NONE',  ( 0.000000000000000000, 0.000000000000000000, 0.000000000000000000 ) ) ;
#373 = DIRECTION ( 'NONE',  ( 0.000000000000000000, 1.000000000000000000, 0.000000000000000000 ) ) ;
#374 = PLANE ( 'NONE',  #1396 ) ;
#375 = AXIS2_PLACEMENT_3D ( 'NONE', #1022, #1173, #1276 ) ;
#376 = DIRECTION ( 'NONE',  ( -0.8386705679454232731, 0.000000000000000000, 0.5446390350150281945 ) ) ;
#377 = AXIS2_PLACEMENT_3D ( 'NONE', #1101, #326, #337 ) ;
#378 = ORIENTED_EDGE ( 'NONE', *, *, #438, .F. ) ;
#379 = CARTESIAN_POINT ( 'NONE',  ( 4.123463391984459214, -7.500000000000000000, 5.442384555961116810 ) ) ;
#380 = EDGE_CURVE ( 'NONE', #344, #863, #1978, .T. ) ;
#381 = DIRECTION ( 'NONE',  ( 0.000000000000000000, 0.000000000000000000, 1.000000000000000000 ) ) ;
#382 = ORIENTED_EDGE ( 'NONE', *, *, #259, .F. ) ;
#383 = EDGE_CURVE ( 'NONE', #1985, #924, #1306, .T. ) ;
#384 = DIRECTION ( 'NONE',  ( 0.000000000000000000, 0.000000000000000000, 1.000000000000000000 ) ) ;
#385 = DIRECTION ( 'NONE',  ( -0.000000000000000000, 0.000000000000000000, -1.000000000000000000 ) ) ;
#386 = ORIENTED_EDGE ( 'NONE', *, *, #1533, .F. ) ;
#387 = APPLICATION_PROTOCOL_DEFINITION ( 'draft international standard', 'automotive_design', 1998, #1831 ) ;
#388 =( GEOMETRIC_REPRESENTATION_CONTEXT ( 3 ) GLOBAL_UNCERTAINTY_ASSIGNED_CONTEXT ( ( #1848 ) ) GLOBAL_UNIT_ASSIGNED_CONTEXT ( ( #1457, #1512, #1471 ) ) REPRESENTATION_CONTEXT ( 'NONE', 'WORKASPACE' ) );
#389 = DIRECTION ( 'NONE',  ( 0.8386705679454234952, -0.000000000000000000, -0.5446390350150277504 ) ) ;
#390 = DIRECTION ( 'NONE',  ( -6.672013369141565463E-17, -1.000000000000000000, -0.000000000000000000 ) ) ;
#391 = EDGE_LOOP ( 'NONE', ( #197, #75, #1370, #541 ) ) ;
#392 = PLANE ( 'NONE',  #1796 ) ;
#393 = DIRECTION ( 'NONE',  ( 0.5446390350150281945, 1.939815363767637037E-16, 0.8386705679454232731 ) ) ;
#394 = CARTESIAN_POINT ( 'NONE',  ( 0.000000000000000000, 3.500000000000003109, 11.00000000000000000 ) ) ;
#395 = EDGE_LOOP ( 'NONE', ( #1357, #1513 ) ) ;
#396 = CARTESIAN_POINT ( 'NONE',  ( -17.97152872702093873, 14.02500000000000036, -3.896657060467226152 ) ) ;
#397 = EDGE_CURVE ( 'NONE', #439, #1793, #1939, .T. ) ;
#398 = CARTESIAN_POINT ( 'NONE',  ( 15.04999999999999893, 16.50000000000000000, 0.000000000000000000 ) ) ;
#399 = EDGE_CURVE ( 'NONE', #1903, #1498, #539, .T. ) ;
#400 = EDGE_CURVE ( 'NONE', #1685, #644, #1956, .T. ) ;
#401 = CARTESIAN_POINT ( 'NONE',  ( 1.472637775974692089E-15, 12.99999999999999822, -12.02499999999999858 ) ) ;
#402 = DIRECTION ( 'NONE',  ( 0.000000000000000000, 0.000000000000000000, 1.000000000000000000 ) ) ;
#403 = AXIS2_PLACEMENT_3D ( 'NONE', #303, #1808, #1965 ) ;
#404 = DIRECTION ( 'NONE',  ( -0.000000000000000000, 1.000000000000000000, -0.000000000000000000 ) ) ;
#405 = VERTEX_POINT ( 'NONE', #1522 ) ;
#406 = PLANE ( 'NONE',  #1799 ) ;
#407 = EDGE_LOOP ( 'NONE', ( #800, #596, #555, #1514 ) ) ;
#408 = AXIS2_PLACEMENT_3D ( 'NONE', #813, #1603, #1117 ) ;
#409 = CARTESIAN_POINT ( 'NONE',  ( 2.749999999999999556, 0.000000000000000000, 3.500537618869138168 ) ) ;
#410 = DIRECTION ( 'NONE',  ( 0.000000000000000000, -0.000000000000000000, 1.000000000000000000 ) ) ;
#411 = EDGE_LOOP ( 'NONE', ( #1447, #1851, #1932, #653 ) ) ;
#412 = ADVANCED_FACE ( 'NONE', ( #1248 ), #583, .F. ) ;
#413 = AXIS2_PLACEMENT_3D ( 'NONE', #903, #1947, #866 ) ;
#414 = AXIS2_PLACEMENT_3D ( 'NONE', #1846, #1446, #981 ) ;
#415 = DIRECTION ( 'NONE',  ( 0.000000000000000000, 0.000000000000000000, -1.000000000000000000 ) ) ;
#416 = VERTEX_POINT ( 'NONE', #1749 ) ;
#417 = VERTEX_POINT ( 'NONE', #170 ) ;
#418 = EDGE_CURVE ( 'NONE', #1678, #1734, #566, .T. ) ;
#419 = CARTESIAN_POINT ( 'NONE',  ( 6.263531428064547768, 0.000000000000000000, 1.403806984470343355 ) ) ;
#420 = CARTESIAN_POINT ( 'NONE',  ( 0.000000000000000000, 0.000000000000000000, 0.000000000000000000 ) ) ;
#421 = EDGE_LOOP ( 'NONE', ( #2023, #1345, #1279, #1983 ) ) ;
#422 = EDGE_LOOP ( 'NONE', ( #1157, #913 ) ) ;
#423 = CARTESIAN_POINT ( 'NONE',  ( 2.323297985980322888, 0.000000000000000000, 6.447075807553360072 ) ) ;
#424 = VERTEX_POINT ( 'NONE', #471 ) ;
#425 = CARTESIAN_POINT ( 'NONE',  ( -5.953567364113509619, -7.500000000000000000, 1.481565267196315538 ) ) ;
#426 = VERTEX_POINT ( 'NONE', #1827 ) ;
#427 = CARTESIAN_POINT ( 'NONE',  ( 17.97152872702093873, 14.02500000000000036, 3.896657060467226152 ) ) ;
#428 = VERTEX_POINT ( 'NONE', #1760 ) ;
#429 = DIRECTION ( 'NONE',  ( 0.7880107536067195717, 0.000000000000000000, 0.6156614753256614003 ) ) ;
#430 = VERTEX_POINT ( 'NONE', #1109 ) ;
#431 = CARTESIAN_POINT ( 'NONE',  ( -17.97152872702093873, 14.02500000000000036, -3.896657060467226152 ) ) ;
#432 = CARTESIAN_POINT ( 'NONE',  ( 7.743281890739137197, 14.02500000000000036, 11.05855259790137879 ) ) ;
#433 = AXIS2_PLACEMENT_3D ( 'NONE', #637, #814, #402 ) ;
#434 = DIRECTION ( 'NONE',  ( 0.000000000000000000, 1.000000000000000000, -0.000000000000000000 ) ) ;
#435 = CARTESIAN_POINT ( 'NONE',  ( -17.97152872702093873, 14.02500000000000036, -3.896657060467226152 ) ) ;
#436 = VERTEX_POINT ( 'NONE', #343 ) ;
#437 = DIRECTION ( 'NONE',  ( 0.8386705679454234952, 0.000000000000000000, -0.5446390350150278614 ) ) ;
#438 = EDGE_CURVE ( 'NONE', #768, #829, #1267, .T. ) ;
#439 = VERTEX_POINT ( 'NONE', #13 ) ;
#440 = DIRECTION ( 'NONE',  ( 0.000000000000000000, 0.000000000000000000, -1.000000000000000000 ) ) ;
#441 = DIRECTION ( 'NONE',  ( 0.000000000000000000, 0.000000000000000000, 1.000000000000000000 ) ) ;
#442 = DIRECTION ( 'NONE',  ( -0.000000000000000000, 1.000000000000000000, -0.000000000000000000 ) ) ;
#443 = DIRECTION ( 'NONE',  ( 0.8191520442889911324, 0.000000000000000000, 0.5735764363510470476 ) ) ;
#444 = VERTEX_POINT ( 'NONE', #1552 ) ;
#445 = CARTESIAN_POINT ( 'NONE',  ( -5.953567364113509619, -6.699999999999995737, 1.481565267196313984 ) ) ;
#446 = CARTESIAN_POINT ( 'NONE',  ( 2.917977375470679924, -7.499999999999999112, -0.4641207130060709951 ) ) ;
#447 = DIRECTION ( 'NONE',  ( -1.000000000000000000, 2.478176394252582127E-16, -0.000000000000000000 ) ) ;
#448 = SURFACE_STYLE_USAGE ( .BOTH. , #2008 ) ;
#449 = DIRECTION ( 'NONE',  ( 1.000000000000000000, -6.672013369141565463E-17, 0.000000000000000000 ) ) ;
#450 = CARTESIAN_POINT ( 'NONE',  ( 6.263531428064548656, -6.500000000000000000, 1.403806984470342467 ) ) ;
#451 = DIRECTION ( 'NONE',  ( 0.000000000000000000, 1.000000000000000000, 0.000000000000000000 ) ) ;
#452 = EDGE_CURVE ( 'NONE', #153, #1734, #543, .T. ) ;
#453 = DIRECTION ( 'NONE',  ( 0.000000000000000000, 1.000000000000000000, -0.000000000000000000 ) ) ;
#454 = CARTESIAN_POINT ( 'NONE',  ( -15.04999999999999893, 14.02500000000000036, 0.000000000000000000 ) ) ;
#455 = EDGE_CURVE ( 'NONE', #88, #416, #598, .T. ) ;
#456 = EDGE_LOOP ( 'NONE', ( #1404, #1836 ) ) ;
#457 = CARTESIAN_POINT ( 'NONE',  ( 0.000000000000000000, 16.50000000000000000, 0.000000000000000000 ) ) ;
#458 = DIRECTION ( 'NONE',  ( -1.000000000000000000, 0.000000000000000000, 0.000000000000000000 ) ) ;
#459 = VERTEX_POINT ( 'NONE', #370 ) ;
#460 = CARTESIAN_POINT ( 'NONE',  ( -6.624503818469849925, -7.500000000000000000, 1.917276495208338982 ) ) ;
#461 = DIRECTION ( 'NONE',  ( 0.6156614753256597350, 0.000000000000000000, -0.7880107536067207930 ) ) ;
#462 = SURFACE_SIDE_STYLE ('',( #1329 ) ) ;
#463 = AXIS2_PLACEMENT_3D ( 'NONE', #1531, #349, #1545 ) ;
#464 = CARTESIAN_POINT ( 'NONE',  ( 2.264410533452646312, -3.749999999999998668, -1.470525394540578512 ) ) ;
#465 = AXIS2_PLACEMENT_3D ( 'NONE', #1394, #1574, #607 ) ;
#466 = DIRECTION ( 'NONE',  ( -0.000000000000000000, -0.000000000000000000, 1.000000000000000000 ) ) ;
#467 = CARTESIAN_POINT ( 'NONE',  ( 3.649999999999996358, -8.078555197738248594, -5.799999999999999822 ) ) ;
#468 = ORIENTED_EDGE ( 'NONE', *, *, #108, .T. ) ;
#469 = DIRECTION ( 'NONE',  ( 0.000000000000000000, 1.000000000000000000, 0.000000000000000000 ) ) ;
#470 = DIRECTION ( 'NONE',  ( 0.7880107536067194607, 0.000000000000000000, 0.6156614753256614003 ) ) ;
#471 = CARTESIAN_POINT ( 'NONE',  ( -5.953567364113509619, -6.699999999999997513, 1.481565267196315538 ) ) ;
#472 = ORIENTED_EDGE ( 'NONE', *, *, #369, .T. ) ;
#473 = DIRECTION ( 'NONE',  ( 0.000000000000000000, 1.000000000000000000, 0.000000000000000000 ) ) ;
#474 = DIRECTION ( 'NONE',  ( 0.7071067811865477948, -0.7071067811865473507, 0.000000000000000000 ) ) ;
#475 = EDGE_CURVE ( 'NONE', #504, #1199, #1252, .T. ) ;
#476 = EDGE_LOOP ( 'NONE', ( #1579, #619, #792, #676 ) ) ;
#477 = EDGE_CURVE ( 'NONE', #751, #725, #1269, .T. ) ;
#478 = ORIENTED_EDGE ( 'NONE', *, *, #822, .F. ) ;
#479 = EDGE_CURVE ( 'NONE', #1493, #545, #1368, .T. ) ;
#480 = CARTESIAN_POINT ( 'NONE',  ( -3.774302721361081137, -3.749999999999999556, -0.8549284114148573144 ) ) ;
#481 = EDGE_LOOP ( 'NONE', ( #859, #1175, #669, #1332 ) ) ;
#482 = ADVANCED_FACE ( 'NONE', ( #1992 ), #1841, .T. ) ;
#483 = DIRECTION ( 'NONE',  ( 0.7880107536067207930, 0.000000000000000000, 0.6156614753256597350 ) ) ;
#484 = EDGE_LOOP ( 'NONE', ( #846, #760, #1236, #1761 ) ) ;
#485 = PLANE ( 'NONE',  #1127 ) ;
#486 = CARTESIAN_POINT ( 'NONE',  ( 3.507801916658799701, -6.500000000000000000, 6.230395309567837714 ) ) ;
#487 = ORIENTED_EDGE ( 'NONE', *, *, #1637, .T. ) ;
#488 = AXIS2_PLACEMENT_3D ( 'NONE', #546, #1068, #1691 ) ;
#489 = DIRECTION ( 'NONE',  ( 0.000000000000000000, 0.000000000000000000, 1.000000000000000000 ) ) ;
#490 = ORIENTED_EDGE ( 'NONE', *, *, #967, .T. ) ;
#491 = AXIS2_PLACEMENT_3D ( 'NONE', #757, #352, #1075 ) ;
#492 = CARTESIAN_POINT ( 'NONE',  ( -1.750000000000000222, -7.500000000000000000, -6.599999999999999645 ) ) ;
#493 = ORIENTED_EDGE ( 'NONE', *, *, #1714, .T. ) ;
#494 = ADVANCED_FACE ( 'NONE', ( #1390 ), #261, .F. ) ;
#495 = CARTESIAN_POINT ( 'NONE',  ( 6.817626755857640219, 0.000000000000000000, 0.6945973062242969398 ) ) ;
#496 = EDGE_CURVE ( 'NONE', #529, #1486, #641, .T. ) ;
#497 = EDGE_CURVE ( 'NONE', #1352, #1425, #37, .T. ) ;
#498 = DIRECTION ( 'NONE',  ( 0.000000000000000000, 1.000000000000000000, 0.000000000000000000 ) ) ;
#499 = ORIENTED_EDGE ( 'NONE', *, *, #1017, .F. ) ;
#500 = CARTESIAN_POINT ( 'NONE',  ( 2.749999999999999556, 0.000000000000000000, -6.599999999999999645 ) ) ;
#501 = CARTESIAN_POINT ( 'NONE',  ( 0.000000000000000000, 14.02500000000000036, 0.000000000000000000 ) ) ;
#502 = MECHANICAL_DESIGN_GEOMETRIC_PRESENTATION_REPRESENTATION (  '', ( #1468 ), #388 ) ;
#503 = CARTESIAN_POINT ( 'NONE',  ( -6.416510543876282391, 2.500000000000000444, 0.7686952844427060727 ) ) ;
#504 = VERTEX_POINT ( 'NONE', #1889 ) ;
#505 = ORIENTED_EDGE ( 'NONE', *, *, #1637, .F. ) ;
#506 = DIRECTION ( 'NONE',  ( -0.8386705679454232731, 1.232595164407830809E-32, 0.5446390350150281945 ) ) ;
#507 = PRESENTATION_LAYER_ASSIGNMENT (  '', '', ( #1193 ) ) ;
#508 = VERTEX_POINT ( 'NONE', #244 ) ;
#509 = EDGE_CURVE ( 'NONE', #444, #1509, #668, .T. ) ;
#510 = CARTESIAN_POINT ( 'NONE',  ( 0.000000000000000000, 0.000000000000000000, 0.000000000000000000 ) ) ;
#511 = EDGE_CURVE ( 'NONE', #640, #818, #716, .T. ) ;
#512 = ORIENTED_EDGE ( 'NONE', *, *, #496, .T. ) ;
#513 = ORIENTED_EDGE ( 'NONE', *, *, #335, .T. ) ;
#514 = CARTESIAN_POINT ( 'NONE',  ( 2.749999999999999112, -6.500000000000000888, -5.799999999999999822 ) ) ;
#515 = CARTESIAN_POINT ( 'NONE',  ( -3.312068044290622737, -8.078555197738248594, 5.549117521731620428 ) ) ;
#516 = PLANE ( 'NONE',  #1025 ) ;
#517 = DIRECTION ( 'NONE',  ( 0.000000000000000000, 1.000000000000000000, 0.000000000000000000 ) ) ;
#518 = LINE ( 'NONE', #656, #1265 ) ;
#519 = ADVANCED_FACE ( 'NONE', ( #2012, #718 ), #709, .F. ) ;
#520 = DIRECTION ( 'NONE',  ( 0.000000000000000000, 1.000000000000000000, 0.000000000000000000 ) ) ;
#521 = VECTOR ( 'NONE', #1820, 1000.000000000000000 ) ;
#522 = ORIENTED_EDGE ( 'NONE', *, *, #1770, .T. ) ;
#523 = CARTESIAN_POINT ( 'NONE',  ( 2.749999999999999112, -6.500000000000000888, 3.500537618869138168 ) ) ;
#524 = CARTESIAN_POINT ( 'NONE',  ( 17.97152872702093873, 14.02500000000000036, 3.896657060467226152 ) ) ;
#525 = CARTESIAN_POINT ( 'NONE',  ( 1.347111479062088207E-15, 12.99999999999999822, -11.00000000000000000 ) ) ;
#526 = LINE ( 'NONE', #1711, #521 ) ;
#527 = DIRECTION ( 'NONE',  ( 0.000000000000000000, 0.000000000000000000, 1.000000000000000000 ) ) ;
#528 = FILL_AREA_STYLE_COLOUR ( '', #1408 ) ;
#529 = VERTEX_POINT ( 'NONE', #1011 ) ;
#530 = LINE ( 'NONE', #1989, #1898 ) ;
#531 = EDGE_CURVE ( 'NONE', #1826, #924, #698, .T. ) ;
#532 = LINE ( 'NONE', #1062, #1893 ) ;
#533 = VERTEX_POINT ( 'NONE', #1560 ) ;
#534 = EDGE_CURVE ( 'NONE', #416, #640, #1355, .T. ) ;
#535 = DIRECTION ( 'NONE',  ( 0.000000000000000000, 1.000000000000000000, 0.000000000000000000 ) ) ;
#536 = CYLINDRICAL_SURFACE ( 'NONE', #1428, 2.125000000000000888 ) ;
#537 = DIRECTION ( 'NONE',  ( 0.000000000000000000, 0.000000000000000000, -1.000000000000000000 ) ) ;
#538 = PLANE ( 'NONE',  #1448 ) ;
#539 = CIRCLE ( 'NONE', #1301, 2.125000000000000888 ) ;
#540 = FACE_OUTER_BOUND ( 'NONE', #1151, .T. ) ;
#541 = ORIENTED_EDGE ( 'NONE', *, *, #511, .T. ) ;
#542 = ORIENTED_EDGE ( 'NONE', *, *, #639, .F. ) ;
#543 = LINE ( 'NONE', #648, #561 ) ;
#544 = ORIENTED_EDGE ( 'NONE', *, *, #1882, .F. ) ;
#545 = VERTEX_POINT ( 'NONE', #960 ) ;
#546 = CARTESIAN_POINT ( 'NONE',  ( -2.758461287073742607, -3.749999999999999556, -2.155146154865946517 ) ) ;
#547 = LINE ( 'NONE', #423, #1951 ) ;
#548 = AXIS2_PLACEMENT_3D ( 'NONE', #916, #1059, #827 ) ;
#549 = ADVANCED_FACE ( 'NONE', ( #1358 ), #1228, .T. ) ;
#550 = DIRECTION ( 'NONE',  ( 0.000000000000000000, -0.000000000000000000, 1.000000000000000000 ) ) ;
#551 = VERTEX_POINT ( 'NONE', #1694 ) ;
#552 = FACE_OUTER_BOUND ( 'NONE', #1416, .T. ) ;
#553 = AXIS2_PLACEMENT_3D ( 'NONE', #1869, #466, #1434 ) ;
#554 = PLANE ( 'NONE',  #1312 ) ;
#555 = ORIENTED_EDGE ( 'NONE', *, *, #1433, .F. ) ;
#556 = DIRECTION ( 'NONE',  ( 0.000000000000000000, 0.000000000000000000, 1.000000000000000000 ) ) ;
#557 = VECTOR ( 'NONE', #1176, 1000.000000000000000 ) ;
#558 = LINE ( 'NONE', #711, #1251 ) ;
#559 = AXIS2_PLACEMENT_3D ( 'NONE', #464, #1833, #1581 ) ;
#560 = ORIENTED_EDGE ( 'NONE', *, *, #1605, .T. ) ;
#561 = VECTOR ( 'NONE', #1123, 1000.000000000000000 ) ;
#562 = DIRECTION ( 'NONE',  ( 0.6156614753256596240, 0.000000000000000000, -0.7880107536067210150 ) ) ;
#563 = EDGE_CURVE ( 'NONE', #1807, #504, #9, .T. ) ;
#564 = ORIENTED_EDGE ( 'NONE', *, *, #1074, .T. ) ;
#565 = ORIENTED_EDGE ( 'NONE', *, *, #798, .T. ) ;
#566 = LINE ( 'NONE', #806, #1900 ) ;
#567 = VECTOR ( 'NONE', #1511, 1000.000000000000000 ) ;
#568 = EDGE_CURVE ( 'NONE', #1509, #691, #647, .T. ) ;
#569 = DIRECTION ( 'NONE',  ( 0.7880107536067209040, 0.000000000000000000, 0.6156614753256597350 ) ) ;
#570 = DIRECTION ( 'NONE',  ( 0.000000000000000000, -0.000000000000000000, 1.000000000000000000 ) ) ;
#571 = VERTEX_POINT ( 'NONE', #1775 ) ;
#572 = VECTOR ( 'NONE', #1844, 1000.000000000000000 ) ;
#573 = ORIENTED_EDGE ( 'NONE', *, *, #849, .T. ) ;
#574 = DIRECTION ( 'NONE',  ( 0.000000000000000000, 0.000000000000000000, 1.000000000000000000 ) ) ;
#575 = DIRECTION ( 'NONE',  ( -0.5735764363510470476, 0.000000000000000000, -0.8191520442889911324 ) ) ;
#576 = ORIENTED_EDGE ( 'NONE', *, *, #1500, .T. ) ;
#577 = FILL_AREA_STYLE ('',( #1102 ) ) ;
#578 = ADVANCED_FACE ( 'NONE', ( #1335 ), #724, .F. ) ;
#579 = PRESENTATION_STYLE_ASSIGNMENT (( #448 ) ) ;
#580 = CYLINDRICAL_SURFACE ( 'NONE', #683, 13.50000000000000000 ) ;
#581 = AXIS2_PLACEMENT_3D ( 'NONE', #831, #1013, #666 ) ;
#582 = VERTEX_POINT ( 'NONE', #824 ) ;
#583 = CYLINDRICAL_SURFACE ( 'NONE', #403, 1.650000000000000133 ) ;
#584 = CARTESIAN_POINT ( 'NONE',  ( 0.000000000000000000, 2.500000000000000444, 0.000000000000000000 ) ) ;
#585 = FACE_OUTER_BOUND ( 'NONE', #481, .T. ) ;
#586 = DIRECTION ( 'NONE',  ( 0.000000000000000000, -0.000000000000000000, 1.000000000000000000 ) ) ;
#587 = ORIENTED_EDGE ( 'NONE', *, *, #1146, .T. ) ;
#588 = CARTESIAN_POINT ( 'NONE',  ( 1.749999999999999334, -7.500000000000000888, 3.500537618869138168 ) ) ;
#589 = DIRECTION ( 'NONE',  ( -0.6156614753256596240, 0.000000000000000000, 0.7880107536067210150 ) ) ;
#590 = VERTEX_POINT ( 'NONE', #1130 ) ;
#591 = LINE ( 'NONE', #782, #572 ) ;
#592 = AXIS2_PLACEMENT_3D ( 'NONE', #2022, #1063, #1811 ) ;
#593 = VECTOR ( 'NONE', #1834, 1000.000000000000000 ) ;
#594 = DIRECTION ( 'NONE',  ( -0.000000000000000000, 1.000000000000000000, -0.000000000000000000 ) ) ;
#595 = DIRECTION ( 'NONE',  ( 0.6156614753256597350, 0.000000000000000000, -0.7880107536067209040 ) ) ;
#596 = ORIENTED_EDGE ( 'NONE', *, *, #748, .T. ) ;
#597 =( NAMED_UNIT ( * ) PLANE_ANGLE_UNIT ( ) SI_UNIT ( $, .RADIAN. ) );
#598 = LINE ( 'NONE', #1440, #1950 ) ;
#599 = EDGE_LOOP ( 'NONE', ( #1588, #587, #717, #1665 ) ) ;
#600 = AXIS2_PLACEMENT_3D ( 'NONE', #420, #737, #550 ) ;
#601 = ADVANCED_FACE ( 'NONE', ( #1320 ), #839, .T. ) ;
#602 = EDGE_CURVE ( 'NONE', #1807, #815, #704, .T. ) ;
#603 = CIRCLE ( 'NONE', #348, 1.024999999999999911 ) ;
#604 = VERTEX_POINT ( 'NONE', #1316 ) ;
#605 = ORIENTED_EDGE ( 'NONE', *, *, #32, .T. ) ;
#606 = LINE ( 'NONE', #978, #1904 ) ;
#607 = DIRECTION ( 'NONE',  ( 0.000000000000000000, -0.000000000000000000, 1.000000000000000000 ) ) ;
#608 = EDGE_LOOP ( 'NONE', ( #522, #1296 ) ) ;
#609 = ORIENTED_EDGE ( 'NONE', *, *, #1203, .F. ) ;
#610 = DIRECTION ( 'NONE',  ( -0.8386705679454233842, 0.000000000000000000, 0.5446390350150281945 ) ) ;
#611 = DIRECTION ( 'NONE',  ( -0.6156614753256597350, 0.000000000000000000, 0.7880107536067209040 ) ) ;
#612 = CARTESIAN_POINT ( 'NONE',  ( 6.817626755857640219, -8.078555197738248594, 0.6945973062242969398 ) ) ;
#613 = VERTEX_POINT ( 'NONE', #1684 ) ;
#614 = ORIENTED_EDGE ( 'NONE', *, *, #723, .F. ) ;
#615 = CARTESIAN_POINT ( 'NONE',  ( 5.647869952738887811, -7.500000000000000000, 2.191817738077063371 ) ) ;
#616 = ORIENTED_EDGE ( 'NONE', *, *, #1839, .F. ) ;
#617 = SURFACE_SIDE_STYLE ('',( #1445 ) ) ;
#618 = CIRCLE ( 'NONE', #1961, 1.650000000000000355 ) ;
#619 = ORIENTED_EDGE ( 'NONE', *, *, #723, .T. ) ;
#620 = FACE_OUTER_BOUND ( 'NONE', #599, .T. ) ;
#621 = DIRECTION ( 'NONE',  ( 0.000000000000000000, 1.000000000000000000, 0.000000000000000000 ) ) ;
#622 = ORIENTED_EDGE ( 'NONE', *, *, #1564, .F. ) ;
#623 = DIRECTION ( 'NONE',  ( 0.000000000000000000, 1.000000000000000000, 0.000000000000000000 ) ) ;
#624 = ORIENTED_EDGE ( 'NONE', *, *, #696, .T. ) ;
#625 = LINE ( 'NONE', #1814, #1278 ) ;
#626 = ORIENTED_EDGE ( 'NONE', *, *, #971, .F. ) ;
#627 = DIRECTION ( 'NONE',  ( 0.000000000000000000, 0.000000000000000000, 1.000000000000000000 ) ) ;
#628 =( NAMED_UNIT ( * ) SI_UNIT ( $, .STERADIAN. ) SOLID_ANGLE_UNIT ( ) );
#629 = AXIS2_PLACEMENT_3D ( 'NONE', #100, #1526, #1177 ) ;
#630 = SURFACE_STYLE_FILL_AREA ( #1706 ) ;
#631 = VERTEX_POINT ( 'NONE', #500 ) ;
#632 = DIRECTION ( 'NONE',  ( 1.000000000000000000, -2.478176394252582620E-16, 0.000000000000000000 ) ) ;
#633 = EDGE_CURVE ( 'NONE', #1829, #46, #681, .T. ) ;
#634 = ORIENTED_EDGE ( 'NONE', *, *, #1456, .T. ) ;
#635 = CARTESIAN_POINT ( 'NONE',  ( -7.743281890739136308, 14.02500000000000036, 11.05855259790137879 ) ) ;
#636 = PLANE ( 'NONE',  #254 ) ;
#637 = CARTESIAN_POINT ( 'NONE',  ( -15.04999999999999893, 14.02500000000000036, 0.000000000000000000 ) ) ;
#638 = ORIENTED_EDGE ( 'NONE', *, *, #534, .F. ) ;
#639 = EDGE_CURVE ( 'NONE', #691, #582, #2033, .T. ) ;
#640 = VERTEX_POINT ( 'NONE', #1008 ) ;
#641 = LINE ( 'NONE', #1778, #659 ) ;
#642 = DIRECTION ( 'NONE',  ( 0.000000000000000000, 0.000000000000000000, -1.000000000000000000 ) ) ;
#643 = ADVANCED_FACE ( 'NONE', ( #701 ), #1885, .T. ) ;
#644 = VERTEX_POINT ( 'NONE', #719 ) ;
#645 = EDGE_LOOP ( 'NONE', ( #1294, #1490, #796, #624 ) ) ;
#646 = CARTESIAN_POINT ( 'NONE',  ( -2.750000000000000444, 0.000000000000000000, 3.500537618869138168 ) ) ;
#647 = LINE ( 'NONE', #276, #1996 ) ;
#648 = CARTESIAN_POINT ( 'NONE',  ( 7.743281890739133644, 14.02500000000000036, -11.05855259790138057 ) ) ;
#649 = VERTEX_POINT ( 'NONE', #1334 ) ;
#650 = CARTESIAN_POINT ( 'NONE',  ( -15.04999999999999893, 14.02500000000000036, -2.125000000000000888 ) ) ;
#651 = LINE ( 'NONE', #85, #655 ) ;
#652 = ORIENTED_EDGE ( 'NONE', *, *, #671, .T. ) ;
#653 = ORIENTED_EDGE ( 'NONE', *, *, #1071, .T. ) ;
#654 = EDGE_LOOP ( 'NONE', ( #675, #812, #1908, #686 ) ) ;
#655 = VECTOR ( 'NONE', #240, 1000.000000000000114 ) ;
#656 = CARTESIAN_POINT ( 'NONE',  ( -7.087446998232621809, 0.000000000000000000, 1.204406512454728739 ) ) ;
#657 = ORIENTED_EDGE ( 'NONE', *, *, #1479, .F. ) ;
#658 = ORIENTED_EDGE ( 'NONE', *, *, #1165, .T. ) ;
#659 = VECTOR ( 'NONE', #1469, 1000.000000000000000 ) ;
#660 = DIRECTION ( 'NONE',  ( 0.000000000000000000, -1.818576903532159291E-16, -1.000000000000000000 ) ) ;
#661 = ORIENTED_EDGE ( 'NONE', *, *, #1282, .F. ) ;
#662 = CARTESIAN_POINT ( 'NONE',  ( 15.24306007946369235, 16.50000000000000000, 0.000000000000000000 ) ) ;
#663 = ADVANCED_FACE ( 'NONE', ( #2010 ), #1502, .T. ) ;
#664 = VECTOR ( 'NONE', #1197, 1000.000000000000000 ) ;
#665 = ORIENTED_EDGE ( 'NONE', *, *, #26, .F. ) ;
#666 = DIRECTION ( 'NONE',  ( 0.000000000000000000, 0.000000000000000000, 1.000000000000000000 ) ) ;
#667 = EDGE_CURVE ( 'NONE', #533, #426, #1363, .T. ) ;
#668 = LINE ( 'NONE', #503, #1314 ) ;
#669 = ORIENTED_EDGE ( 'NONE', *, *, #226, .F. ) ;
#670 = EDGE_CURVE ( 'NONE', #1121, #1503, #651, .T. ) ;
#671 = EDGE_CURVE ( 'NONE', #508, #1308, #672, .T. ) ;
#672 = LINE ( 'NONE', #1039, #1372 ) ;
#673 = EDGE_LOOP ( 'NONE', ( #1723, #685, #221, #472, #1152, #881, #1164, #919, #1823, #1962 ) ) ;
#674 = DIRECTION ( 'NONE',  ( 0.6156614753256598460, 0.000000000000000000, -0.7880107536067207930 ) ) ;
#675 = ORIENTED_EDGE ( 'NONE', *, *, #1456, .F. ) ;
#676 = ORIENTED_EDGE ( 'NONE', *, *, #338, .T. ) ;
#677 = DIRECTION ( 'NONE',  ( 0.000000000000000000, 0.000000000000000000, 1.000000000000000000 ) ) ;
#678 = VERTEX_POINT ( 'NONE', #223 ) ;
#679 = AXIS2_PLACEMENT_3D ( 'NONE', #1631, #611, #569 ) ;
#680 = DIRECTION ( 'NONE',  ( 0.000000000000000000, 1.000000000000000000, 0.000000000000000000 ) ) ;
#681 = CIRCLE ( 'NONE', #208, 1.650000000000000133 ) ;
#682 = ORIENTED_EDGE ( 'NONE', *, *, #1771, .T. ) ;
#683 = AXIS2_PLACEMENT_3D ( 'NONE', #879, #1041, #282 ) ;
#684 = FACE_OUTER_BOUND ( 'NONE', #484, .T. ) ;
#685 = ORIENTED_EDGE ( 'NONE', *, *, #133, .T. ) ;
#686 = ORIENTED_EDGE ( 'NONE', *, *, #1051, .T. ) ;
#687 = AXIS2_PLACEMENT_3D ( 'NONE', #1743, #998, #361 ) ;
#688 = PRESENTATION_STYLE_ASSIGNMENT (( #1739 ) ) ;
#689 = DIRECTION ( 'NONE',  ( -0.7880107536067207930, -0.000000000000000000, -0.6156614753256597350 ) ) ;
#690 = ORIENTED_EDGE ( 'NONE', *, *, #1263, .F. ) ;
#691 = VERTEX_POINT ( 'NONE', #1790 ) ;
#692 = AXIS2_PLACEMENT_3D ( 'NONE', #662, #1902, #1289 ) ;
#693 = LINE ( 'NONE', #1872, #1324 ) ;
#694 = DIRECTION ( 'NONE',  ( 0.5446390350150277504, 0.000000000000000000, 0.8386705679454234952 ) ) ;
#695 = VERTEX_POINT ( 'NONE', #379 ) ;
#696 = EDGE_CURVE ( 'NONE', #582, #444, #693, .T. ) ;
#697 = SURFACE_STYLE_USAGE ( .BOTH. , #1050 ) ;
#698 = LINE ( 'NONE', #1987, #2019 ) ;
#699 = EDGE_LOOP ( 'NONE', ( #762, #1023, #1660, #733 ) ) ;
#700 = EDGE_CURVE ( 'NONE', #742, #649, #1375, .T. ) ;
#701 = FACE_OUTER_BOUND ( 'NONE', #411, .T. ) ;
#702 = ORIENTED_EDGE ( 'NONE', *, *, #1881, .F. ) ;
#703 = DIRECTION ( 'NONE',  ( 0.000000000000000000, 0.000000000000000000, -1.000000000000000000 ) ) ;
#704 = LINE ( 'NONE', #1781, #708 ) ;
#705 = ORIENTED_EDGE ( 'NONE', *, *, #400, .F. ) ;
#706 = DIRECTION ( 'NONE',  ( 0.000000000000000000, -0.000000000000000000, 1.000000000000000000 ) ) ;
#707 = AXIS2_PLACEMENT_3D ( 'NONE', #1377, #346, #1830 ) ;
#708 = VECTOR ( 'NONE', #1489, 1000.000000000000114 ) ;
#709 = PLANE ( 'NONE',  #548 ) ;
#710 = ORIENTED_EDGE ( 'NONE', *, *, #1757, .T. ) ;
#711 = CARTESIAN_POINT ( 'NONE',  ( 6.278278555624268620, -7.500000000000000000, 2.684346918337594090 ) ) ;
#712 = CARTESIAN_POINT ( 'NONE',  ( -6.416510543876282391, -8.078555197738248594, 0.7686952844427060727 ) ) ;
#713 = CIRCLE ( 'NONE', #1137, 1.649999999999999911 ) ;
#714 = ORIENTED_EDGE ( 'NONE', *, *, #1940, .F. ) ;
#715 = PLANE ( 'NONE',  #1754 ) ;
#716 = LINE ( 'NONE', #861, #1310 ) ;
#717 = ORIENTED_EDGE ( 'NONE', *, *, #1912, .T. ) ;
#718 = FACE_BOUND ( 'NONE', #456, .T. ) ;
#719 = CARTESIAN_POINT ( 'NONE',  ( 15.04999999999999893, 16.50000000000000000, -2.125000000000000888 ) ) ;
#720 = VERTEX_POINT ( 'NONE', #492 ) ;
#721 = EDGE_CURVE ( 'NONE', #815, #1958, #2000, .T. ) ;
#722 = DIRECTION ( 'NONE',  ( 0.5446390350150281945, 2.168404344971008868E-16, 0.8386705679454233842 ) ) ;
#723 = EDGE_CURVE ( 'NONE', #426, #533, #713, .T. ) ;
#724 = CYLINDRICAL_SURFACE ( 'NONE', #1521, 1.649999999999999689 ) ;
#725 = VERTEX_POINT ( 'NONE', #1300 ) ;
#726 = CARTESIAN_POINT ( 'NONE',  ( 2.323297985980322888, -8.078555197738248594, 6.447075807553360072 ) ) ;
#727 = DIRECTION ( 'NONE',  ( -0.000000000000000000, -0.000000000000000000, 1.000000000000000000 ) ) ;
#728 = SURFACE_STYLE_FILL_AREA ( #901 ) ;
#729 = ORIENTED_EDGE ( 'NONE', *, *, #1196, .F. ) ;
#730 = CARTESIAN_POINT ( 'NONE',  ( 3.649999999999996358, -8.078555197738248594, -6.599999999999999645 ) ) ;
#731 = MANIFOLD_SOLID_BREP ( 'Boss-Extrude4', #1438 ) ;
#732 = LINE ( 'NONE', #332, #66 ) ;
#733 = ORIENTED_EDGE ( 'NONE', *, *, #1262, .F. ) ;
#734 = CIRCLE ( 'NONE', #581, 9.999999999999984013 ) ;
#735 = ORIENTED_EDGE ( 'NONE', *, *, #1401, .T. ) ;
#736 = AXIS2_PLACEMENT_3D ( 'NONE', #372, #680, #283 ) ;
#737 = DIRECTION ( 'NONE',  ( 0.000000000000000000, 1.000000000000000000, 0.000000000000000000 ) ) ;
#738 = ADVANCED_FACE ( 'NONE', ( #684 ), #936, .T. ) ;
#739 = ORIENTED_EDGE ( 'NONE', *, *, #884, .T. ) ;
#740 = DIRECTION ( 'NONE',  ( -0.000000000000000000, 1.000000000000000000, -0.000000000000000000 ) ) ;
#741 = DIRECTION ( 'NONE',  ( 0.000000000000000000, 0.000000000000000000, 1.000000000000000000 ) ) ;
#742 = VERTEX_POINT ( 'NONE', #1192 ) ;
#743 = AXIS2_PLACEMENT_3D ( 'NONE', #1764, #623, #677 ) ;
#744 = VERTEX_POINT ( 'NONE', #356 ) ;
#745 = EDGE_CURVE ( 'NONE', #649, #691, #1350, .T. ) ;
#746 = FACE_BOUND ( 'NONE', #1419, .T. ) ;
#747 = ORIENTED_EDGE ( 'NONE', *, *, #1398, .T. ) ;
#748 = EDGE_CURVE ( 'NONE', #823, #508, #76, .T. ) ;
#749 = DIRECTION ( 'NONE',  ( -0.8386705679454234952, 0.000000000000000000, 0.5446390350150277504 ) ) ;
#750 = CIRCLE ( 'NONE', #375, 0.9000000000000003553 ) ;
#751 = VERTEX_POINT ( 'NONE', #1442 ) ;
#752 = DIRECTION ( 'NONE',  ( 0.000000000000000000, 1.000000000000000000, 0.000000000000000000 ) ) ;
#753 = CARTESIAN_POINT ( 'NONE',  ( -3.312068044290622737, 0.000000000000000000, 5.549117521731620428 ) ) ;
#754 = CIRCLE ( 'NONE', #463, 11.00000000000000000 ) ;
#755 = ADVANCED_FACE ( 'NONE', ( #783 ), #1006, .F. ) ;
#756 = VERTEX_POINT ( 'NONE', #1427 ) ;
#757 = CARTESIAN_POINT ( 'NONE',  ( -5.535225748439793314, -3.749999999999998668, 3.594617631099185751 ) ) ;
#758 = STYLED_ITEM ( 'NONE', ( #1571 ), #1047 ) ;
#759 = CIRCLE ( 'NONE', #1922, 11.00000000000000000 ) ;
#760 = ORIENTED_EDGE ( 'NONE', *, *, #1262, .T. ) ;
#761 = LINE ( 'NONE', #1227, #799 ) ;
#762 = ORIENTED_EDGE ( 'NONE', *, *, #1568, .F. ) ;
#763 = DIRECTION ( 'NONE',  ( 0.7880107536067209040, 0.000000000000000000, 0.6156614753256597350 ) ) ;
#764 = LINE ( 'NONE', #931, #1443 ) ;
#765 = ORIENTED_EDGE ( 'NONE', *, *, #133, .F. ) ;
#766 = CARTESIAN_POINT ( 'NONE',  ( 2.749999999999999556, 0.000000000000000000, -5.799999999999999822 ) ) ;
#767 = COLOUR_RGB ( '',0.7921568627450980005, 0.8196078431372548767, 0.9333333333333333481 ) ;
#768 = VERTEX_POINT ( 'NONE', #1125 ) ;
#769 = AXIS2_PLACEMENT_3D ( 'NONE', #946, #1369, #410 ) ;
#770 = DIRECTION ( 'NONE',  ( 1.000000000000000000, 0.000000000000000000, 0.000000000000000000 ) ) ;
#771 = EDGE_CURVE ( 'NONE', #177, #1828, #1458, .T. ) ;
#772 = FACE_OUTER_BOUND ( 'NONE', #233, .T. ) ;
#773 = ORIENTED_EDGE ( 'NONE', *, *, #1661, .F. ) ;
#774 = AXIS2_PLACEMENT_3D ( 'NONE', #290, #520, #1518 ) ;
#775 = ADVANCED_FACE ( 'NONE', ( #776 ), #1614, .T. ) ;
#776 = FACE_OUTER_BOUND ( 'NONE', #421, .T. ) ;
#777 = EDGE_CURVE ( 'NONE', #1700, #631, #86, .T. ) ;
#778 = EDGE_LOOP ( 'NONE', ( #340, #851, #899, #841 ) ) ;
#779 = CARTESIAN_POINT ( 'NONE',  ( -4.445947678409736703, -6.699999999999996625, 5.271958766990032075 ) ) ;
#780 = LINE ( 'NONE', #91, #1454 ) ;
#781 = ORIENTED_EDGE ( 'NONE', *, *, #1506, .T. ) ;
#782 = CARTESIAN_POINT ( 'NONE',  ( -17.97152872702093873, 14.02500000000000036, 3.896657060467226152 ) ) ;
#783 = FACE_OUTER_BOUND ( 'NONE', #1328, .T. ) ;
#784 = ORIENTED_EDGE ( 'NONE', *, *, #1229, .T. ) ;
#785 = AXIS2_PLACEMENT_3D ( 'NONE', #1078, #449, #1555 ) ;
#786 = CARTESIAN_POINT ( 'NONE',  ( 0.000000000000000000, 12.99999999999999822, 11.00000000000000000 ) ) ;
#787 = AXIS2_PLACEMENT_3D ( 'NONE', #435, #575, #1704 ) ;
#788 = FACE_OUTER_BOUND ( 'NONE', #699, .T. ) ;
#789 = ORIENTED_EDGE ( 'NONE', *, *, #1667, .T. ) ;
#790 = FACE_BOUND ( 'NONE', #395, .T. ) ;
#791 = ADVANCED_FACE ( 'NONE', ( #772 ), #1209, .T. ) ;
#792 = ORIENTED_EDGE ( 'NONE', *, *, #1944, .T. ) ;
#793 = DIRECTION ( 'NONE',  ( 0.7071067811865473507, 0.7071067811865477948, 0.000000000000000000 ) ) ;
#794 = DIRECTION ( 'NONE',  ( -0.000000000000000000, 1.000000000000000000, -0.000000000000000000 ) ) ;
#795 = AXIS2_PLACEMENT_3D ( 'NONE', #457, #621, #384 ) ;
#796 = ORIENTED_EDGE ( 'NONE', *, *, #360, .T. ) ;
#797 = CARTESIAN_POINT ( 'NONE',  ( 1.610843691434614922, -7.500000000000000000, -2.476930076075082532 ) ) ;
#798 = EDGE_CURVE ( 'NONE', #744, #1322, #99, .T. ) ;
#799 = VECTOR ( 'NONE', #1414, 1000.000000000000000 ) ;
#800 = ORIENTED_EDGE ( 'NONE', *, *, #1182, .F. ) ;
#801 = EDGE_CURVE ( 'NONE', #97, #1826, #94, .T. ) ;
#802 = CARTESIAN_POINT ( 'NONE',  ( -2.750000000000000444, -6.500000000000000000, -6.599999999999999645 ) ) ;
#803 = CIRCLE ( 'NONE', #553, 1.650000000000000133 ) ;
#804 = ORIENTED_EDGE ( 'NONE', *, *, #55, .F. ) ;
#805 = EDGE_CURVE ( 'NONE', #571, #855, #1402, .T. ) ;
#806 = CARTESIAN_POINT ( 'NONE',  ( 17.97152872702093873, 16.50000000000000000, -3.896657060467226152 ) ) ;
#807 = LINE ( 'NONE', #1994, #1519 ) ;
#808 = CARTESIAN_POINT ( 'NONE',  ( 2.754585664966171965, -3.749999999999998668, -0.7157218833896971111 ) ) ;
#809 = ORIENTED_EDGE ( 'NONE', *, *, #1433, .T. ) ;
#810 = CARTESIAN_POINT ( 'NONE',  ( -15.04999999999999893, 16.50000000000000000, 0.000000000000000000 ) ) ;
#811 = DIRECTION ( 'NONE',  ( 0.000000000000000000, 0.000000000000000000, 1.000000000000000000 ) ) ;
#812 = ORIENTED_EDGE ( 'NONE', *, *, #971, .T. ) ;
#813 = CARTESIAN_POINT ( 'NONE',  ( 15.24306007946369235, 14.02500000000000036, 0.000000000000000000 ) ) ;
#814 = DIRECTION ( 'NONE',  ( 0.000000000000000000, 1.000000000000000000, 0.000000000000000000 ) ) ;
#815 = VERTEX_POINT ( 'NONE', #431 ) ;
#816 = CARTESIAN_POINT ( 'NONE',  ( -3.312068044290622737, 0.000000000000000000, 5.549117521731620428 ) ) ;
#817 = EDGE_LOOP ( 'NONE', ( #657, #228, #1891, #956 ) ) ;
#818 = VERTEX_POINT ( 'NONE', #1249 ) ;
#819 = PRODUCT_DEFINITION ( 'UNKNOWN', '', #1497, #1598 ) ;
#820 = EDGE_LOOP ( 'NONE', ( #1089, #952, #313, #1941, #1878, #237, #963, #351, #1592, #11 ) ) ;
#821 = AXIS2_PLACEMENT_3D ( 'NONE', #1035, #1149, #1309 ) ;
#822 = EDGE_CURVE ( 'NONE', #436, #863, #732, .T. ) ;
#823 = VERTEX_POINT ( 'NONE', #779 ) ;
#824 = CARTESIAN_POINT ( 'NONE',  ( -7.087446998232621809, 2.500000000000000444, 1.204406512454728739 ) ) ;
#825 = DIRECTION ( 'NONE',  ( -0.4353384041180883290, -0.7071067811865475727, 0.5572077475232338761 ) ) ;
#826 = EDGE_LOOP ( 'NONE', ( #714, #294, #1535, #1411 ) ) ;
#827 = DIRECTION ( 'NONE',  ( 1.000000000000000000, 0.000000000000000000, 0.000000000000000000 ) ) ;
#828 = DIRECTION ( 'NONE',  ( 1.000000000000000000, -0.000000000000000000, 0.000000000000000000 ) ) ;
#829 = VERTEX_POINT ( 'NONE', #1750 ) ;
#830 = VECTOR ( 'NONE', #1857, 1000.000000000000000 ) ;
#831 = CARTESIAN_POINT ( 'NONE',  ( 0.000000000000000000, 2.500000000000000444, 0.000000000000000000 ) ) ;
#832 = VECTOR ( 'NONE', #365, 1000.000000000000000 ) ;
#833 = ORIENTED_EDGE ( 'NONE', *, *, #219, .T. ) ;
#834 = CYLINDRICAL_SURFACE ( 'NONE', #1782, 13.50000000000000000 ) ;
#835 = DIRECTION ( 'NONE',  ( 0.000000000000000000, -0.000000000000000000, 1.000000000000000000 ) ) ;
#836 = ADVANCED_FACE ( 'NONE', ( #788 ), #1843, .T. ) ;
#837 = VECTOR ( 'NONE', #3, 999.9999999999998863 ) ;
#838 = ORIENTED_EDGE ( 'NONE', *, *, #1017, .T. ) ;
#839 = PLANE ( 'NONE',  #1853 ) ;
#840 = CARTESIAN_POINT ( 'NONE',  ( 2.323297985980323332, 0.000000000000000000, 6.447075807553360072 ) ) ;
#841 = ORIENTED_EDGE ( 'NONE', *, *, #1716, .F. ) ;
#842 = ORIENTED_EDGE ( 'NONE', *, *, #1318, .T. ) ;
#843 = VECTOR ( 'NONE', #1009, 999.9999999999998863 ) ;
#844 = CARTESIAN_POINT ( 'NONE',  ( -6.416510543876282391, -8.078555197738248594, 0.7686952844427060727 ) ) ;
#845 = PRESENTATION_LAYER_ASSIGNMENT (  '', '', ( #1476 ) ) ;
#846 = ORIENTED_EDGE ( 'NONE', *, *, #967, .F. ) ;
#847 = CIRCLE ( 'NONE', #821, 2.125000000000000888 ) ;
#848 = PLANE ( 'NONE',  #736 ) ;
#849 = EDGE_CURVE ( 'NONE', #428, #1290, #761, .T. ) ;
#850 = LINE ( 'NONE', #797, #1565 ) ;
#851 = ORIENTED_EDGE ( 'NONE', *, *, #1053, .T. ) ;
#852 = ADVANCED_BREP_SHAPE_REPRESENTATION ( 'BTA40-700B', ( #1888, #731, #996, #1047, #1627 ), #1861 ) ;
#853 = EDGE_CURVE ( 'NONE', #1656, #1061, #734, .T. ) ;
#854 = VERTEX_POINT ( 'NONE', #1485 ) ;
#855 = VERTEX_POINT ( 'NONE', #1135 ) ;
#856 = VECTOR ( 'NONE', #1138, 1000.000000000000114 ) ;
#857 = VECTOR ( 'NONE', #980, 1000.000000000000000 ) ;
#858 = CARTESIAN_POINT ( 'NONE',  ( -1.065392229928179058, 0.000000000000000000, -4.322175727284427893 ) ) ;
#859 = ORIENTED_EDGE ( 'NONE', *, *, #369, .F. ) ;
#860 = CYLINDRICAL_SURFACE ( 'NONE', #1995, 13.50000000000000000 ) ;
#861 = CARTESIAN_POINT ( 'NONE',  ( -3.650000000000003464, 2.500000000000000444, -6.599999999999999645 ) ) ;
#862 = CIRCLE ( 'NONE', #687, 13.50000000000000000 ) ;
#863 = VERTEX_POINT ( 'NONE', #1664 ) ;
#864 = CYLINDRICAL_SURFACE ( 'NONE', #433, 2.125000000000000888 ) ;
#865 = DIRECTION ( 'NONE',  ( 0.000000000000000000, 0.000000000000000000, -1.000000000000000000 ) ) ;
#866 = DIRECTION ( 'NONE',  ( -0.8191520442889911324, 0.000000000000000000, -0.5735764363510470476 ) ) ;
#867 = CYLINDRICAL_SURFACE ( 'NONE', #1728, 0.9000000000000004663 ) ;
#868 = ORIENTED_EDGE ( 'NONE', *, *, #777, .T. ) ;
#869 = LINE ( 'NONE', #1742, #830 ) ;
#870 = ORIENTED_EDGE ( 'NONE', *, *, #667, .F. ) ;
#871 = TOROIDAL_SURFACE ( 'NONE', #1103, 12.02499999999999858, 1.024999999999999911 ) ;
#872 = CARTESIAN_POINT ( 'NONE',  ( -15.04999999999999893, 14.02500000000000036, 0.000000000000000000 ) ) ;
#873 = CARTESIAN_POINT ( 'NONE',  ( 1.175132463422589923, -7.500000000000000000, -3.147866530431425058 ) ) ;
#874 = VECTOR ( 'NONE', #1838, 1000.000000000000000 ) ;
#875 = PLANE ( 'NONE',  #629 ) ;
#876 = ORIENTED_EDGE ( 'NONE', *, *, #157, .F. ) ;
#877 = VECTOR ( 'NONE', #1132, 1000.000000000000227 ) ;
#878 = EDGE_CURVE ( 'NONE', #744, #751, #80, .T. ) ;
#879 = CARTESIAN_POINT ( 'NONE',  ( 0.000000000000000000, 14.02500000000000036, 0.000000000000000000 ) ) ;
#880 = FACE_OUTER_BOUND ( 'NONE', #1756, .T. ) ;
#881 = ORIENTED_EDGE ( 'NONE', *, *, #1282, .T. ) ;
#882 = DIRECTION ( 'NONE',  ( -1.000000000000000000, 0.000000000000000000, 0.000000000000000000 ) ) ;
#883 = EDGE_CURVE ( 'NONE', #678, #823, #52, .T. ) ;
#884 = EDGE_CURVE ( 'NONE', #1787, #1141, #1467, .T. ) ;
#885 = FACE_OUTER_BOUND ( 'NONE', #1212, .T. ) ;
#886 = ORIENTED_EDGE ( 'NONE', *, *, #937, .T. ) ;
#887 = CIRCLE ( 'NONE', #1158, 4.756939920536306765 ) ;
#888 = CARTESIAN_POINT ( 'NONE',  ( 15.04999999999999893, 14.02500000000000036, 0.000000000000000000 ) ) ;
#889 = ORIENTED_EDGE ( 'NONE', *, *, #475, .F. ) ;
#890 = LINE ( 'NONE', #1461, #161 ) ;
#891 = CARTESIAN_POINT ( 'NONE',  ( 0.000000000000000000, 12.99999999999999822, 12.02499999999999858 ) ) ;
#892 = DIRECTION ( 'NONE',  ( -0.8386705679454234952, 0.000000000000000000, 0.5446390350150279724 ) ) ;
#893 = FACE_OUTER_BOUND ( 'NONE', #1451, .T. ) ;
#894 = VERTEX_POINT ( 'NONE', #1042 ) ;
#895 = UNCERTAINTY_MEASURE_WITH_UNIT (LENGTH_MEASURE( 1.000000000000000082E-05 ), #1180, 'distance_accuracy_value', 'NONE');
#896 = AXIS2_PLACEMENT_3D ( 'NONE', #588, #474, #793 ) ;
#897 = DIRECTION ( 'NONE',  ( -0.6156614753256597350, 0.000000000000000000, 0.7880107536067207930 ) ) ;
#898 = LINE ( 'NONE', #1583, #1557 ) ;
#899 = ORIENTED_EDGE ( 'NONE', *, *, #633, .T. ) ;
#900 = CIRCLE ( 'NONE', #1163, 13.50000000000000000 ) ;
#901 = FILL_AREA_STYLE ('',( #528 ) ) ;
#902 = ADVANCED_FACE ( 'NONE', ( #1460 ), #49, .F. ) ;
#903 = CARTESIAN_POINT ( 'NONE',  ( 17.97152872702093873, 14.02500000000000036, -3.896657060467226152 ) ) ;
#904 = ORIENTED_EDGE ( 'NONE', *, *, #1636, .F. ) ;
#905 =( NAMED_UNIT ( * ) SI_UNIT ( $, .STERADIAN. ) SOLID_ANGLE_UNIT ( ) );
#906 = VECTOR ( 'NONE', #1845, 1000.000000000000000 ) ;
#907 = ORIENTED_EDGE ( 'NONE', *, *, #317, .F. ) ;
#908 = LINE ( 'NONE', #646, #1529 ) ;
#909 = CARTESIAN_POINT ( 'NONE',  ( -7.087446998232621809, -8.078555197738248594, 1.204406512454728739 ) ) ;
#910 = EDGE_CURVE ( 'NONE', #417, #1121, #750, .T. ) ;
#911 = CYLINDRICAL_SURFACE ( 'NONE', #408, 4.756939920536306765 ) ;
#912 = DIRECTION ( 'NONE',  ( 0.000000000000000000, 1.000000000000000000, 0.000000000000000000 ) ) ;
#913 = ORIENTED_EDGE ( 'NONE', *, *, #771, .F. ) ;
#914 = LINE ( 'NONE', #858, #1567 ) ;
#915 = EDGE_CURVE ( 'NONE', #590, #1216, #58, .T. ) ;
#916 = CARTESIAN_POINT ( 'NONE',  ( -3.650000000000003464, -8.078555197738248594, -6.599999999999999645 ) ) ;
#917 = CARTESIAN_POINT ( 'NONE',  ( -15.04999999999999893, 16.50000000000000000, -2.125000000000000888 ) ) ;
#918 = LINE ( 'NONE', #1646, #309 ) ;
#919 = ORIENTED_EDGE ( 'NONE', *, *, #1840, .T. ) ;
#920 = CARTESIAN_POINT ( 'NONE',  ( 0.000000000000000000, 2.500000000000000444, 9.999999999999984013 ) ) ;
#921 = ORIENTED_EDGE ( 'NONE', *, *, #1715, .F. ) ;
#922 = LINE ( 'NONE', #1818, #1674 ) ;
#923 = FACE_OUTER_BOUND ( 'NONE', #1431, .T. ) ;
#924 = VERTEX_POINT ( 'NONE', #486 ) ;
#925 = LINE ( 'NONE', #1058, #993 ) ;
#926 = VECTOR ( 'NONE', #983, 1000.000000000000114 ) ;
#927 = DIRECTION ( 'NONE',  ( -0.6156614753256597350, 0.000000000000000000, 0.7880107536067207930 ) ) ;
#928 = LINE ( 'NONE', #1867, #1610 ) ;
#929 = LINE ( 'NONE', #514, #1652 ) ;
#930 = VECTOR ( 'NONE', #794, 1000.000000000000000 ) ;
#931 = CARTESIAN_POINT ( 'NONE',  ( 2.323297985980322888, -8.078555197738248594, 6.447075807553360072 ) ) ;
#932 = FACE_BOUND ( 'NONE', #169, .T. ) ;
#933 = CARTESIAN_POINT ( 'NONE',  ( -1.681053705253838126, -7.500000000000000000, -3.534164973677708321 ) ) ;
#934 = VECTOR ( 'NONE', #1115, 1000.000000000000114 ) ;
#935 = AXIS2_PLACEMENT_3D ( 'NONE', #888, #1045, #415 ) ;
#936 = PLANE ( 'NONE',  #896 ) ;
#937 = EDGE_CURVE ( 'NONE', #1061, #428, #83, .T. ) ;
#938 = FACE_OUTER_BOUND ( 'NONE', #673, .T. ) ;
#939 = DIRECTION ( 'NONE',  ( 0.8191520442889911324, 0.000000000000000000, 0.5735764363510470476 ) ) ;
#940 = ADVANCED_FACE ( 'NONE', ( #47 ), #848, .F. ) ;
#941 = ORIENTED_EDGE ( 'NONE', *, *, #1768, .T. ) ;
#942 = DIRECTION ( 'NONE',  ( 0.7880107536067207930, 0.000000000000000000, 0.6156614753256597350 ) ) ;
#943 = DIRECTION ( 'NONE',  ( -0.7071067811865474617, 0.7071067811865474617, -0.000000000000000000 ) ) ;
#944 = FACE_OUTER_BOUND ( 'NONE', #1921, .T. ) ;
#945 = LINE ( 'NONE', #127, #257 ) ;
#946 = CARTESIAN_POINT ( 'NONE',  ( 0.000000000000000000, 0.000000000000000000, 0.000000000000000000 ) ) ;
#947 = EDGE_LOOP ( 'NONE', ( #1293, #542, #1407, #1470 ) ) ;
#948 = VECTOR ( 'NONE', #506, 1000.000000000000114 ) ;
#949 = VECTOR ( 'NONE', #175, 1000.000000000000000 ) ;
#950 = FILL_AREA_STYLE_COLOUR ( '', #1925 ) ;
#951 = CARTESIAN_POINT ( 'NONE',  ( -7.087446998232621809, -8.078555197738248594, 1.204406512454728739 ) ) ;
#952 = ORIENTED_EDGE ( 'NONE', *, *, #102, .T. ) ;
#953 = VECTOR ( 'NONE', #1669, 1000.000000000000000 ) ;
#954 = PRESENTATION_STYLE_ASSIGNMENT (( #1675 ) ) ;
#955 = AXIS2_PLACEMENT_3D ( 'NONE', #1943, #727, #882 ) ;
#956 = ORIENTED_EDGE ( 'NONE', *, *, #82, .F. ) ;
#957 = CARTESIAN_POINT ( 'NONE',  ( 1.347111479062088405E-15, 3.500000000000003109, -11.00000000000000000 ) ) ;
#958 = LINE ( 'NONE', #1920, #271 ) ;
#959 = ADVANCED_FACE ( 'NONE', ( #1472, #790 ), #516, .F. ) ;
#960 = CARTESIAN_POINT ( 'NONE',  ( 6.893940030949927689, 0.000000000000000000, 1.896336164730873630 ) ) ;
#961 = LINE ( 'NONE', #1785, #1043 ) ;
#962 = PLANE ( 'NONE',  #769 ) ;
#963 = ORIENTED_EDGE ( 'NONE', *, *, #479, .T. ) ;
#964 =( GEOMETRIC_REPRESENTATION_CONTEXT ( 3 ) GLOBAL_UNCERTAINTY_ASSIGNED_CONTEXT ( ( #2014 ) ) GLOBAL_UNIT_ASSIGNED_CONTEXT ( ( #1507, #1709, #1984 ) ) REPRESENTATION_CONTEXT ( 'NONE', 'WORKASPACE' ) );
#965 = VECTOR ( 'NONE', #1736, 999.9999999999998863 ) ;
#966 = DIRECTION ( 'NONE',  ( 0.000000000000000000, -1.000000000000000000, 0.000000000000000000 ) ) ;
#967 = EDGE_CURVE ( 'NONE', #278, #439, #1393, .T. ) ;
#968 = ORIENTED_EDGE ( 'NONE', *, *, #475, .T. ) ;
#969 = VECTOR ( 'NONE', #770, 1000.000000000000000 ) ;
#970 = AXIS2_PLACEMENT_3D ( 'NONE', #1649, #498, #1026 ) ;
#971 = EDGE_CURVE ( 'NONE', #1308, #678, #780, .T. ) ;
#972 = DIRECTION ( 'NONE',  ( 0.8386705679454232731, -2.465190328815661618E-32, -0.5446390350150281945 ) ) ;
#973 = FACE_OUTER_BOUND ( 'NONE', #132, .T. ) ;
#974 = PLANE ( 'NONE',  #185 ) ;
#975 = CIRCLE ( 'NONE', #1365, 1.024999999999999911 ) ;
#976 = ORIENTED_EDGE ( 'NONE', *, *, #1371, .F. ) ;
#977 = CARTESIAN_POINT ( 'NONE',  ( -3.835868868893647310, -7.500000000000000000, -0.7761273360541850463 ) ) ;
#978 = CARTESIAN_POINT ( 'NONE',  ( 4.123463391984459214, -7.500000000000000000, 5.442384555961116810 ) ) ;
#979 = FACE_BOUND ( 'NONE', #1128, .T. ) ;
#980 = DIRECTION ( 'NONE',  ( 0.000000000000000000, 0.000000000000000000, -1.000000000000000000 ) ) ;
#981 = DIRECTION ( 'NONE',  ( -0.8386705679454232731, 0.000000000000000000, 0.5446390350150281945 ) ) ;
#982 = ORIENTED_EDGE ( 'NONE', *, *, #1716, .T. ) ;
#983 = DIRECTION ( 'NONE',  ( 0.8191520442889911324, -0.000000000000000000, -0.5735764363510470476 ) ) ;
#984 = CARTESIAN_POINT ( 'NONE',  ( 1.749999999999999334, -7.500000000000000888, -6.599999999999999645 ) ) ;
#985 = ORIENTED_EDGE ( 'NONE', *, *, #371, .T. ) ;
#986 = VECTOR ( 'NONE', #440, 1000.000000000000000 ) ;
#987 = LINE ( 'NONE', #1040, #280 ) ;
#988 = STYLED_ITEM ( 'NONE', ( #579 ), #328 ) ;
#989 = DIRECTION ( 'NONE',  ( -0.000000000000000000, -1.000000000000000000, -0.000000000000000000 ) ) ;
#990 = DIRECTION ( 'NONE',  ( -0.8386705679454232731, 0.000000000000000000, 0.5446390350150281945 ) ) ;
#991 = CIRCLE ( 'NONE', #1257, 0.9000000000000003553 ) ;
#992 = DIRECTION ( 'NONE',  ( -0.7880107536067210150, 0.000000000000000000, -0.6156614753256596240 ) ) ;
#993 = VECTOR ( 'NONE', #1346, 1000.000000000000000 ) ;
#994 = AXIS2_PLACEMENT_3D ( 'NONE', #1824, #642, #2009 ) ;
#995 = ORIENTED_EDGE ( 'NONE', *, *, #1770, .F. ) ;
#996 = MANIFOLD_SOLID_BREP ( 'Boss-Extrude5', #1780 ) ;
#997 = COLOUR_RGB ( '',0.7529411764705882248, 0.7529411764705882248, 0.7529411764705882248 ) ;
#998 = DIRECTION ( 'NONE',  ( 0.000000000000000000, 1.000000000000000000, -0.000000000000000000 ) ) ;
#999 = DIRECTION ( 'NONE',  ( 0.000000000000000000, 0.000000000000000000, 1.000000000000000000 ) ) ;
#1000 = ADVANCED_FACE ( 'NONE', ( #1424, #746 ), #1767, .F. ) ;
#1001 = EDGE_CURVE ( 'NONE', #46, #1829, #1420, .T. ) ;
#1002 = LINE ( 'NONE', #1362, #310 ) ;
#1003 = CARTESIAN_POINT ( 'NONE',  ( -3.650000000000003464, 2.500000000000000444, -6.599999999999999645 ) ) ;
#1004 = DIRECTION ( 'NONE',  ( 0.7880107536067207930, 0.000000000000000000, 0.6156614753256597350 ) ) ;
#1005 = EDGE_CURVE ( 'NONE', #186, #1352, #68, .T. ) ;
#1006 = PLANE ( 'NONE',  #707 ) ;
#1007 = DIRECTION ( 'NONE',  ( 0.5446390350150281945, -0.000000000000000000, 0.8386705679454233842 ) ) ;
#1008 = CARTESIAN_POINT ( 'NONE',  ( -3.650000000000003464, 2.500000000000000444, -5.799999999999999822 ) ) ;
#1009 = DIRECTION ( 'NONE',  ( -0.7071067811865473507, -0.7071067811865477948, -0.000000000000000000 ) ) ;
#1010 = COLOUR_RGB ( '',0.7921568627450980005, 0.8196078431372548767, 0.9333333333333333481 ) ;
#1011 = CARTESIAN_POINT ( 'NONE',  ( -2.750000000000000000, -6.500000000000000000, -5.799999999999999822 ) ) ;
#1012 = CARTESIAN_POINT ( 'NONE',  ( 17.97152872702093873, 14.02500000000000036, -3.896657060467226152 ) ) ;
#1013 = DIRECTION ( 'NONE',  ( -0.000000000000000000, -1.000000000000000000, -0.000000000000000000 ) ) ;
#1014 = SHAPE_DEFINITION_REPRESENTATION ( #1027, #852 ) ;
#1015 = EDGE_CURVE ( 'NONE', #1290, #1977, #754, .T. ) ;
#1016 = DIRECTION ( 'NONE',  ( 0.000000000000000000, 0.6189361771296988390, -0.7854412827449764878 ) ) ;
#1017 = EDGE_CURVE ( 'NONE', #649, #1233, #1430, .T. ) ;
#1018 = EDGE_LOOP ( 'NONE', ( #1342, #201, #101, #1181 ) ) ;
#1019 = CARTESIAN_POINT ( 'NONE',  ( -2.758461287073742607, -3.749999999999999556, -2.155146154865946517 ) ) ;
#1020 = DIRECTION ( 'NONE',  ( 0.000000000000000000, 0.000000000000000000, -1.000000000000000000 ) ) ;
#1021 = DIRECTION ( 'NONE',  ( 0.5446390350150278614, 0.000000000000000000, 0.8386705679454236062 ) ) ;
#1022 = CARTESIAN_POINT ( 'NONE',  ( -4.864289294083454784, -3.749999999999998668, 3.158906403087163195 ) ) ;
#1023 = ORIENTED_EDGE ( 'NONE', *, *, #155, .T. ) ;
#1024 = LINE ( 'NONE', #977, #359 ) ;
#1025 = AXIS2_PLACEMENT_3D ( 'NONE', #712, #1679, #1161 ) ;
#1026 = DIRECTION ( 'NONE',  ( 0.000000000000000000, 0.000000000000000000, 1.000000000000000000 ) ) ;
#1028 = CYLINDRICAL_SURFACE ( 'NONE', #559, 0.9000000000000004663 ) ;
#1027 = PRODUCT_DEFINITION_SHAPE ( 'NONE', 'NONE',  #819 ) ;
#1029 = CARTESIAN_POINT ( 'NONE',  ( 4.570462370918982664, -3.749999999999999556, 3.570836556888825175 ) ) ;
#1030 = CARTESIAN_POINT ( 'NONE',  ( 7.743281890739137197, 14.02500000000000036, 11.05855259790137879 ) ) ;
#1031 = AXIS2_PLACEMENT_3D ( 'NONE', #1194, #1070, #1809 ) ;
#1032 = CARTESIAN_POINT ( 'NONE',  ( 7.743281890739137197, 16.50000000000000000, 11.05855259790137879 ) ) ;
#1033 = DIRECTION ( 'NONE',  ( -1.000000000000000000, 0.000000000000000000, 0.000000000000000000 ) ) ;
#1034 = LINE ( 'NONE', #445, #664 ) ;
#1035 = CARTESIAN_POINT ( 'NONE',  ( 15.04999999999999893, 14.02500000000000036, 0.000000000000000000 ) ) ;
#1036 = EDGE_CURVE ( 'NONE', #1977, #1290, #759, .T. ) ;
#1037 = EDGE_CURVE ( 'NONE', #1777, #92, #764, .T. ) ;
#1038 = DIRECTION ( 'NONE',  ( 0.000000000000000000, 0.000000000000000000, 1.000000000000000000 ) ) ;
#1039 = CARTESIAN_POINT ( 'NONE',  ( -4.210722452065421173, -7.500000000000000888, 4.165311084621668769 ) ) ;
#1040 = CARTESIAN_POINT ( 'NONE',  ( 2.323297985980322888, 0.000000000000000000, 6.447075807553360072 ) ) ;
#1041 = DIRECTION ( 'NONE',  ( 0.000000000000000000, 1.000000000000000000, 0.000000000000000000 ) ) ;
#1042 = CARTESIAN_POINT ( 'NONE',  ( -2.750000000000000444, 0.000000000000000000, -6.599999999999999645 ) ) ;
#1043 = VECTOR ( 'NONE', #1602, 1000.000000000000000 ) ;
#1044 = UNCERTAINTY_MEASURE_WITH_UNIT (LENGTH_MEASURE( 1.000000000000000082E-05 ), #1569, 'distance_accuracy_value', 'NONE');
#1045 = DIRECTION ( 'NONE',  ( 0.000000000000000000, 1.000000000000000000, -0.000000000000000000 ) ) ;
#1046 = DIRECTION ( 'NONE',  ( 0.8191520442889911324, 0.000000000000000000, -0.5735764363510470476 ) ) ;
#1047 = MANIFOLD_SOLID_BREP ( 'Chamfer2', #1802 ) ;
#1048 = EDGE_CURVE ( 'NONE', #854, #720, #1549, .T. ) ;
#1049 = CARTESIAN_POINT ( 'NONE',  ( 2.953706588865701033, 0.000000000000000000, 6.939604987813889458 ) ) ;
#1050 = SURFACE_SIDE_STYLE ('',( #728 ) ) ;
#1051 = EDGE_CURVE ( 'NONE', #122, #1397, #850, .T. ) ;
#1052 = ORIENTED_EDGE ( 'NONE', *, *, #1974, .T. ) ;
#1053 = EDGE_CURVE ( 'NONE', #1787, #1829, #1523, .T. ) ;
#1054 = CARTESIAN_POINT ( 'NONE',  ( -4.451530344219307267, -6.500000000000000000, 0.01188341755253580906 ) ) ;
#1055 = PRESENTATION_STYLE_ASSIGNMENT (( #138 ) ) ;
#1056 = ADVANCED_FACE ( 'NONE', ( #114 ), #962, .F. ) ;
#1057 = ORIENTED_EDGE ( 'NONE', *, *, #1817, .F. ) ;
#1058 = CARTESIAN_POINT ( 'NONE',  ( 2.323297985980322888, 2.500000000000000444, 6.447075807553360072 ) ) ;
#1059 = DIRECTION ( 'NONE',  ( -0.000000000000000000, 0.000000000000000000, 1.000000000000000000 ) ) ;
#1060 = AXIS2_PLACEMENT_3D ( 'NONE', #524, #1899, #1046 ) ;
#1061 = VERTEX_POINT ( 'NONE', #920 ) ;
#1062 = CARTESIAN_POINT ( 'NONE',  ( -1.065392229928179058, -6.500000000000000000, -4.322175727284428781 ) ) ;
#1063 = DIRECTION ( 'NONE',  ( -0.000000000000000000, -1.000000000000000000, -0.000000000000000000 ) ) ;
#1064 = LINE ( 'NONE', #1214, #1067 ) ;
#1065 = AXIS2_PLACEMENT_3D ( 'NONE', #330, #1093, #1105 ) ;
#1066 = EDGE_LOOP ( 'NONE', ( #163, #1894, #350, #1520 ) ) ;
#1067 = VECTOR ( 'NONE', #142, 999.9999999999998863 ) ;
#1068 = DIRECTION ( 'NONE',  ( 0.7880107536067207930, 0.000000000000000000, 0.6156614753256597350 ) ) ;
#1069 = ORIENTED_EDGE ( 'NONE', *, *, #1074, .F. ) ;
#1070 = DIRECTION ( 'NONE',  ( 0.000000000000000000, 1.000000000000000000, 0.000000000000000000 ) ) ;
#1071 = EDGE_CURVE ( 'NONE', #613, #1425, #1575, .T. ) ;
#1072 = ADVANCED_FACE ( 'NONE', ( #1578 ), #1821, .T. ) ;
#1073 = CARTESIAN_POINT ( 'NONE',  ( 0.000000000000000000, 14.02500000000000036, 13.50000000000000000 ) ) ;
#1074 = EDGE_CURVE ( 'NONE', #1734, #504, #213, .T. ) ;
#1075 = DIRECTION ( 'NONE',  ( 0.5446390350150281945, 0.000000000000000000, 0.8386705679454232731 ) ) ;
#1076 = VERTEX_POINT ( 'NONE', #1990 ) ;
#1077 = DIRECTION ( 'NONE',  ( -0.8191520442889911324, -0.000000000000000000, 0.5735764363510470476 ) ) ;
#1078 = CARTESIAN_POINT ( 'NONE',  ( 2.749999999999999112, -6.500000000000000888, 3.500537618869138168 ) ) ;
#1079 = DIRECTION ( 'NONE',  ( 0.000000000000000000, 1.000000000000000000, 0.000000000000000000 ) ) ;
#1080 = CARTESIAN_POINT ( 'NONE',  ( 1.285879139104720042E-15, 2.500000000000000444, -9.999999999999984013 ) ) ;
#1081 = CARTESIAN_POINT ( 'NONE',  ( -6.188792590457824261, -7.500000000000000000, 2.588212949564681953 ) ) ;
#1082 = CARTESIAN_POINT ( 'NONE',  ( 2.264410533452646312, -3.749999999999998668, -1.470525394540578512 ) ) ;
#1083 = ADVANCED_FACE ( 'NONE', ( #893 ), #867, .F. ) ;
#1084 = CARTESIAN_POINT ( 'NONE',  ( -15.24306007946369235, 14.02500000000000036, 0.000000000000000000 ) ) ;
#1085 = CARTESIAN_POINT ( 'NONE',  ( -17.97152872702093873, 16.50000000000000000, -3.896657060467226152 ) ) ;
#1086 = CARTESIAN_POINT ( 'NONE',  ( 3.353688603482702479, -6.699999999999996625, 0.2068157413502683117 ) ) ;
#1087 = EDGE_CURVE ( 'NONE', #1475, #2007, #898, .T. ) ;
#1088 = FILL_AREA_STYLE ('',( #1752 ) ) ;
#1089 = ORIENTED_EDGE ( 'NONE', *, *, #915, .F. ) ;
#1090 = DIRECTION ( 'NONE',  ( -0.8386705679454232731, 1.232595164407830809E-32, 0.5446390350150281945 ) ) ;
#1091 = DIRECTION ( 'NONE',  ( -0.000000000000000000, 1.000000000000000000, -0.000000000000000000 ) ) ;
#1092 = ORIENTED_EDGE ( 'NONE', *, *, #1015, .F. ) ;
#1093 = DIRECTION ( 'NONE',  ( -1.000000000000000000, 0.000000000000000000, 0.000000000000000000 ) ) ;
#1094 = EDGE_LOOP ( 'NONE', ( #1069, #136, #658, #134 ) ) ;
#1095 = ADVANCED_FACE ( 'NONE', ( #159 ), #538, .F. ) ;
#1096 = ORIENTED_EDGE ( 'NONE', *, *, #1129, .F. ) ;
#1097 = DIRECTION ( 'NONE',  ( 0.000000000000000000, 0.000000000000000000, 1.000000000000000000 ) ) ;
#1098 = EDGE_LOOP ( 'NONE', ( #493, #1993 ) ) ;
#1099 =( LENGTH_UNIT ( ) NAMED_UNIT ( * ) SI_UNIT ( .MILLI., .METRE. ) );
#1100 = ORIENTED_EDGE ( 'NONE', *, *, #1481, .F. ) ;
#1101 = CARTESIAN_POINT ( 'NONE',  ( 0.000000000000000000, -42.61269837220808654, 0.000000000000000000 ) ) ;
#1102 = FILL_AREA_STYLE_COLOUR ( '', #767 ) ;
#1103 = AXIS2_PLACEMENT_3D ( 'NONE', #2, #451, #574 ) ;
#1104 = EDGE_LOOP ( 'NONE', ( #2027, #1914, #1979, #1444 ) ) ;
#1105 = DIRECTION ( 'NONE',  ( 0.000000000000000000, 0.000000000000000000, 1.000000000000000000 ) ) ;
#1106 = EDGE_LOOP ( 'NONE', ( #268, #7, #165, #1360 ) ) ;
#1107 = CARTESIAN_POINT ( 'NONE',  ( -15.04999999999999893, 14.02500000000000036, 2.125000000000000888 ) ) ;
#1108 = EDGE_CURVE ( 'NONE', #1777, #590, #227, .T. ) ;
#1109 = CARTESIAN_POINT ( 'NONE',  ( -3.775011224053398617, 2.449293598294704935E-16, 4.836247538978009075 ) ) ;
#1110 = EDGE_CURVE ( 'NONE', #1061, #1656, #148, .T. ) ;
#1111 = EDGE_LOOP ( 'NONE', ( #243, #789 ) ) ;
#1112 = CARTESIAN_POINT ( 'NONE',  ( -3.312068044290622737, 2.500000000000000444, 5.549117521731620428 ) ) ;
#1113 = DIRECTION ( 'NONE',  ( 0.000000000000000000, 0.000000000000000000, 1.000000000000000000 ) ) ;
#1114 = VERTEX_POINT ( 'NONE', #1972 ) ;
#1115 = DIRECTION ( 'NONE',  ( 8.659560562354987092E-17, 0.7071067811865431318, -0.7071067811865517916 ) ) ;
#1116 = EDGE_LOOP ( 'NONE', ( #1547, #1473, #1542, #1884 ) ) ;
#1117 = DIRECTION ( 'NONE',  ( 0.000000000000000000, 0.000000000000000000, 1.000000000000000000 ) ) ;
#1118 = CARTESIAN_POINT ( 'NONE',  ( 17.97152872702093873, 16.50000000000000000, -3.896657060467226152 ) ) ;
#1119 = ORIENTED_EDGE ( 'NONE', *, *, #878, .T. ) ;
#1120 =( GEOMETRIC_REPRESENTATION_CONTEXT ( 3 ) GLOBAL_UNCERTAINTY_ASSIGNED_CONTEXT ( ( #895 ) ) GLOBAL_UNIT_ASSIGNED_CONTEXT ( ( #1180, #597, #1238 ) ) REPRESENTATION_CONTEXT ( 'NONE', 'WORKASPACE' ) );
#1121 = VERTEX_POINT ( 'NONE', #312 ) ;
#1122 = CARTESIAN_POINT ( 'NONE',  ( -2.750000000000000444, -6.500000000000000000, 3.500537618869138168 ) ) ;
#1123 = DIRECTION ( 'NONE',  ( 0.000000000000000000, 1.000000000000000000, 0.000000000000000000 ) ) ;
#1124 = DIRECTION ( 'NONE',  ( 0.000000000000000000, 1.000000000000000000, 0.000000000000000000 ) ) ;
#1125 = CARTESIAN_POINT ( 'NONE',  ( 15.04999999999999893, 14.02500000000000036, 2.125000000000000888 ) ) ;
#1126 = DIRECTION ( 'NONE',  ( 0.4353384041180884401, -0.7071067811865473507, -0.5572077475232342092 ) ) ;
#1127 = AXIS2_PLACEMENT_3D ( 'NONE', #1122, #458, #368 ) ;
#1128 = EDGE_LOOP ( 'NONE', ( #139, #1100 ) ) ;
#1129 = EDGE_CURVE ( 'NONE', #424, #744, #200, .T. ) ;
#1130 = CARTESIAN_POINT ( 'NONE',  ( 2.953706588865701477, 0.000000000000000000, 6.939604987813889458 ) ) ;
#1131 = EDGE_CURVE ( 'NONE', #1141, #1787, #803, .T. ) ;
#1132 = DIRECTION ( 'NONE',  ( -0.7880107536067194607, 0.000000000000000000, -0.6156614753256614003 ) ) ;
#1133 = EDGE_CURVE ( 'NONE', #855, #640, #176, .T. ) ;
#1134 = DIRECTION ( 'NONE',  ( -0.8191520442889911324, 0.000000000000000000, -0.5735764363510470476 ) ) ;
#1135 = CARTESIAN_POINT ( 'NONE',  ( 3.649999999999996358, 2.500000000000000444, -5.799999999999999822 ) ) ;
#1136 =( GEOMETRIC_REPRESENTATION_CONTEXT ( 3 ) GLOBAL_UNCERTAINTY_ASSIGNED_CONTEXT ( ( #1044 ) ) GLOBAL_UNIT_ASSIGNED_CONTEXT ( ( #1569, #1409, #905 ) ) REPRESENTATION_CONTEXT ( 'NONE', 'WORKASPACE' ) );
#1137 = AXIS2_PLACEMENT_3D ( 'NONE', #1029, #689, #1145 ) ;
#1138 = DIRECTION ( 'NONE',  ( -0.6156614753256595129, -0.000000000000000000, 0.7880107536067210150 ) ) ;
#1139 = DIRECTION ( 'NONE',  ( 0.8386705679454234952, 0.000000000000000000, -0.5446390350150277504 ) ) ;
#1140 = UNCERTAINTY_MEASURE_WITH_UNIT (LENGTH_MEASURE( 1.000000000000000082E-05 ), #1099, 'distance_accuracy_value', 'NONE');
#1141 = VERTEX_POINT ( 'NONE', #22 ) ;
#1142 = VERTEX_POINT ( 'NONE', #180 ) ;
#1143 = ADVANCED_FACE ( 'NONE', ( #1541 ), #1508, .F. ) ;
#1144 = AXIS2_PLACEMENT_3D ( 'NONE', #1604, #1744, #999 ) ;
#1145 = DIRECTION ( 'NONE',  ( 0.6156614753256598460, 0.000000000000000000, -0.7880107536067206819 ) ) ;
#1146 = EDGE_CURVE ( 'NONE', #426, #604, #1534, .T. ) ;
#1147 = CARTESIAN_POINT ( 'NONE',  ( 3.507801916658797037, 0.000000000000000000, 6.230395309567835938 ) ) ;
#1148 = CARTESIAN_POINT ( 'NONE',  ( 0.000000000000000000, 16.50000000000000000, 0.000000000000000000 ) ) ;
#1149 = DIRECTION ( 'NONE',  ( 0.000000000000000000, 1.000000000000000000, -0.000000000000000000 ) ) ;
#1150 = CARTESIAN_POINT ( 'NONE',  ( 0.000000000000000000, 0.000000000000000000, 0.000000000000000000 ) ) ;
#1151 = EDGE_LOOP ( 'NONE', ( #889, #1916, #1388, #747 ) ) ;
#1152 = ORIENTED_EDGE ( 'NONE', *, *, #1564, .T. ) ;
#1153 = CARTESIAN_POINT ( 'NONE',  ( 15.04999999999999893, 14.02500000000000036, -2.125000000000000888 ) ) ;
#1154 = DIRECTION ( 'NONE',  ( 0.7071067811865474617, -0.7071067811865474617, 0.000000000000000000 ) ) ;
#1155 = ORIENTED_EDGE ( 'NONE', *, *, #1533, .T. ) ;
#1156 = SURFACE_SIDE_STYLE ('',( #1671 ) ) ;
#1157 = ORIENTED_EDGE ( 'NONE', *, *, #1401, .F. ) ;
#1158 = AXIS2_PLACEMENT_3D ( 'NONE', #1399, #434, #1730 ) ;
#1159 = ORIENTED_EDGE ( 'NONE', *, *, #1453, .F. ) ;
#1160 = PLANE ( 'NONE',  #787 ) ;
#1161 = DIRECTION ( 'NONE',  ( 0.5446390350150278614, 0.000000000000000000, 0.8386705679454234952 ) ) ;
#1162 = VERTEX_POINT ( 'NONE', #635 ) ;
#1163 = AXIS2_PLACEMENT_3D ( 'NONE', #265, #517, #1280 ) ;
#1164 = ORIENTED_EDGE ( 'NONE', *, *, #2029, .T. ) ;
#1165 = EDGE_CURVE ( 'NONE', #153, #1807, #862, .T. ) ;
#1166 = PRODUCT_CONTEXT ( 'NONE', #1831, 'mechanical' ) ;
#1167 = ORIENTED_EDGE ( 'NONE', *, *, #371, .F. ) ;
#1168 = DIRECTION ( 'NONE',  ( -0.5446390350150280835, -0.000000000000000000, -0.8386705679454233842 ) ) ;
#1169 = CARTESIAN_POINT ( 'NONE',  ( -15.24306007946369235, 16.50000000000000000, 0.000000000000000000 ) ) ;
#1170 = ORIENTED_EDGE ( 'NONE', *, *, #1999, .F. ) ;
#1171 = ADVANCED_FACE ( 'NONE', ( #190 ), #911, .T. ) ;
#1172 = PLANE ( 'NONE',  #118 ) ;
#1173 = DIRECTION ( 'NONE',  ( 0.8386705679454234952, -0.000000000000000000, -0.5446390350150278614 ) ) ;
#1174 = CARTESIAN_POINT ( 'NONE',  ( -15.04999999999999893, 14.02500000000000036, -2.125000000000000888 ) ) ;
#1175 = ORIENTED_EDGE ( 'NONE', *, *, #79, .T. ) ;
#1176 = DIRECTION ( 'NONE',  ( 0.000000000000000000, 1.000000000000000000, 0.000000000000000000 ) ) ;
#1177 = DIRECTION ( 'NONE',  ( 0.000000000000000000, -0.000000000000000000, 1.000000000000000000 ) ) ;
#1178 = AXIS2_PLACEMENT_3D ( 'NONE', #1968, #763, #87 ) ;
#1179 = CARTESIAN_POINT ( 'NONE',  ( 3.649999999999996358, 0.000000000000000000, -6.599999999999999645 ) ) ;
#1180 =( LENGTH_UNIT ( ) NAMED_UNIT ( * ) SI_UNIT ( .MILLI., .METRE. ) );
#1181 = ORIENTED_EDGE ( 'NONE', *, *, #1005, .F. ) ;
#1182 = EDGE_CURVE ( 'NONE', #823, #742, #236, .T. ) ;
#1183 = CARTESIAN_POINT ( 'NONE',  ( -6.416510543876282391, 0.000000000000000000, 0.7686952844427060727 ) ) ;
#1184 = ORIENTED_EDGE ( 'NONE', *, *, #289, .F. ) ;
#1185 = ORIENTED_EDGE ( 'NONE', *, *, #700, .F. ) ;
#1186 = AXIS2_PLACEMENT_3D ( 'NONE', #844, #1021, #1139 ) ;
#1187 = ORIENTED_EDGE ( 'NONE', *, *, #1801, .T. ) ;
#1188 = CARTESIAN_POINT ( 'NONE',  ( -17.97152872702093873, 16.50000000000000000, -3.896657060467226152 ) ) ;
#1189 = FACE_OUTER_BOUND ( 'NONE', #407, .T. ) ;
#1190 = ADVANCED_FACE ( 'NONE', ( #885 ), #119, .F. ) ;
#1191 = DIRECTION ( 'NONE',  ( -0.000000000000000000, 1.000000000000000000, 6.672013369141566696E-17 ) ) ;
#1192 = CARTESIAN_POINT ( 'NONE',  ( -4.445947678409736703, 4.898587196589409870E-16, 5.271958766990030298 ) ) ;
#1193 = STYLED_ITEM ( 'NONE', ( #1055 ), #852 ) ;
#1194 = CARTESIAN_POINT ( 'NONE',  ( 0.000000000000000000, 14.02500000000000036, 0.000000000000000000 ) ) ;
#1195 = FACE_OUTER_BOUND ( 'NONE', #146, .T. ) ;
#1196 = EDGE_CURVE ( 'NONE', #545, #436, #807, .T. ) ;
#1197 = DIRECTION ( 'NONE',  ( -0.3851179549580243666, 0.7071067811865463515, -0.5930296457757830986 ) ) ;
#1198 = CARTESIAN_POINT ( 'NONE',  ( -15.04999999999999893, 14.02500000000000036, 0.000000000000000000 ) ) ;
#1199 = VERTEX_POINT ( 'NONE', #1188 ) ;
#1200 = EDGE_CURVE ( 'NONE', #1486, #894, #1527, .T. ) ;
#1201 = CARTESIAN_POINT ( 'NONE',  ( -1.750000000000000222, -7.500000000000000000, -6.599999999999999645 ) ) ;
#1202 = ORIENTED_EDGE ( 'NONE', *, *, #335, .F. ) ;
#1203 = EDGE_CURVE ( 'NONE', #725, #122, #1538, .T. ) ;
#1204 = LINE ( 'NONE', #120, #1247 ) ;
#1205 = DIRECTION ( 'NONE',  ( 0.000000000000000000, 1.000000000000000000, 0.000000000000000000 ) ) ;
#1206 = VECTOR ( 'NONE', #262, 1000.000000000000114 ) ;
#1207 = ORIENTED_EDGE ( 'NONE', *, *, #1087, .F. ) ;
#1208 = ADVANCED_FACE ( 'NONE', ( #196 ), #1437, .T. ) ;
#1209 = PLANE ( 'NONE',  #785 ) ;
#1210 = ORIENTED_EDGE ( 'NONE', *, *, #224, .F. ) ;
#1211 = ADVANCED_FACE ( 'NONE', ( #880 ), #2025, .F. ) ;
#1212 = EDGE_LOOP ( 'NONE', ( #1261, #739, #982, #1693 ) ) ;
#1213 = AXIS2_PLACEMENT_3D ( 'NONE', #398, #70, #1683 ) ;
#1214 = CARTESIAN_POINT ( 'NONE',  ( 3.493054789099078405, -7.500000000000000000, 4.949855375700586535 ) ) ;
#1215 = CARTESIAN_POINT ( 'NONE',  ( -6.416510543876282391, -8.078555197738248594, 0.7686952844427060727 ) ) ;
#1216 = VERTEX_POINT ( 'NONE', #1608 ) ;
#1217 = SURFACE_STYLE_USAGE ( .BOTH. , #617 ) ;
#1218 = ORIENTED_EDGE ( 'NONE', *, *, #1701, .T. ) ;
#1219 = PLANE ( 'NONE',  #414 ) ;
#1220 = ORIENTED_EDGE ( 'NONE', *, *, #2028, .F. ) ;
#1221 = PLANE ( 'NONE',  #1654 ) ;
#1222 = AXIS2_PLACEMENT_3D ( 'NONE', #1705, #453, #327 ) ;
#1223 = ORIENTED_EDGE ( 'NONE', *, *, #399, .F. ) ;
#1224 = ORIENTED_EDGE ( 'NONE', *, *, #1479, .T. ) ;
#1225 = ORIENTED_EDGE ( 'NONE', *, *, #670, .F. ) ;
#1226 = DIRECTION ( 'NONE',  ( 0.5446390350150281945, 0.000000000000000000, 0.8386705679454232731 ) ) ;
#1227 = CARTESIAN_POINT ( 'NONE',  ( 0.000000000000000000, -42.61269837220808654, 11.00000000000000000 ) ) ;
#1228 = PLANE ( 'NONE',  #1333 ) ;
#1229 = EDGE_CURVE ( 'NONE', #288, #405, #1553, .T. ) ;
#1230 =( NAMED_UNIT ( * ) PLANE_ANGLE_UNIT ( ) SI_UNIT ( $, .RADIAN. ) );
#1231 = VECTOR ( 'NONE', #740, 1000.000000000000000 ) ;
#1232 = EDGE_LOOP ( 'NONE', ( #876, #512, #1210, #1413 ) ) ;
#1233 = VERTEX_POINT ( 'NONE', #816 ) ;
#1234 = ADVANCED_FACE ( 'NONE', ( #1626 ), #1662, .T. ) ;
#1235 = CARTESIAN_POINT ( 'NONE',  ( -1.750000000000000222, -7.500000000000000000, -5.799999999999999822 ) ) ;
#1236 = ORIENTED_EDGE ( 'NONE', *, *, #1735, .F. ) ;
#1237 = EDGE_CURVE ( 'NONE', #818, #571, #298, .T. ) ;
#1238 =( NAMED_UNIT ( * ) SI_UNIT ( $, .STERADIAN. ) SOLID_ANGLE_UNIT ( ) );
#1239 = DIRECTION ( 'NONE',  ( 0.000000000000000000, 1.000000000000000000, 0.000000000000000000 ) ) ;
#1240 = EDGE_LOOP ( 'NONE', ( #1303, #1313, #487, #1988 ) ) ;
#1241 = VECTOR ( 'NONE', #1400, 1000.000000000000000 ) ;
#1242 = LINE ( 'NONE', #1323, #1910 ) ;
#1243 = DIRECTION ( 'NONE',  ( -0.4353384041180884401, 0.7071067811865473507, 0.5572077475232339872 ) ) ;
#1244 = ORIENTED_EDGE ( 'NONE', *, *, #1661, .T. ) ;
#1245 = PLANE ( 'NONE',  #1659 ) ;
#1246 = VECTOR ( 'NONE', #429, 1000.000000000000227 ) ;
#1247 = VECTOR ( 'NONE', #1384, 1000.000000000000114 ) ;
#1248 = FACE_OUTER_BOUND ( 'NONE', #778, .T. ) ;
#1249 = CARTESIAN_POINT ( 'NONE',  ( -3.650000000000003464, 2.500000000000000444, -6.599999999999999645 ) ) ;
#1250 = DIRECTION ( 'NONE',  ( -0.5735764363510470476, 0.000000000000000000, 0.8191520442889911324 ) ) ;
#1251 = VECTOR ( 'NONE', #1696, 1000.000000000000000 ) ;
#1252 = LINE ( 'NONE', #1085, #1256 ) ;
#1253 = DIRECTION ( 'NONE',  ( 0.000000000000000000, 0.000000000000000000, 1.000000000000000000 ) ) ;
#1254 = DIRECTION ( 'NONE',  ( -0.000000000000000000, 1.000000000000000000, -0.000000000000000000 ) ) ;
#1255 = ORIENTED_EDGE ( 'NONE', *, *, #1632, .T. ) ;
#1256 = VECTOR ( 'NONE', #1077, 1000.000000000000114 ) ;
#1257 = AXIS2_PLACEMENT_3D ( 'NONE', #1879, #610, #1226 ) ;
#1258 = DIRECTION ( 'NONE',  ( 0.3851179549580244776, -0.7071067811865463515, 0.5930296457757829875 ) ) ;
#1259 = CARTESIAN_POINT ( 'NONE',  ( 7.743281890739133644, 16.50000000000000000, -11.05855259790138057 ) ) ;
#1260 = LINE ( 'NONE', #409, #1966 ) ;
#1261 = ORIENTED_EDGE ( 'NONE', *, *, #1053, .F. ) ;
#1262 = EDGE_CURVE ( 'NONE', #278, #854, #248, .T. ) ;
#1263 = EDGE_CURVE ( 'NONE', #1816, #613, #279, .T. ) ;
#1264 = ORIENTED_EDGE ( 'NONE', *, *, #639, .T. ) ;
#1265 = VECTOR ( 'NONE', #1007, 1000.000000000000000 ) ;
#1266 = ORIENTED_EDGE ( 'NONE', *, *, #1405, .T. ) ;
#1267 = LINE ( 'NONE', #210, #1918 ) ;
#1268 = ORIENTED_EDGE ( 'NONE', *, *, #509, .T. ) ;
#1269 = LINE ( 'NONE', #460, #6 ) ;
#1270 = ORIENTED_EDGE ( 'NONE', *, *, #1702, .F. ) ;
#1271 = DIRECTION ( 'NONE',  ( -0.7071067811865475727, -0.7071067811865475727, 0.000000000000000000 ) ) ;
#1272 = DIRECTION ( 'NONE',  ( 0.000000000000000000, 1.000000000000000000, 0.000000000000000000 ) ) ;
#1273 = VECTOR ( 'NONE', #404, 1000.000000000000000 ) ;
#1274 = ORIENTED_EDGE ( 'NONE', *, *, #1733, .T. ) ;
#1275 = FACE_OUTER_BOUND ( 'NONE', #1116, .T. ) ;
#1276 = DIRECTION ( 'NONE',  ( 0.5446390350150281945, 0.000000000000000000, 0.8386705679454232731 ) ) ;
#1277 = EDGE_LOOP ( 'NONE', ( #178, #1938, #12, #109, #1981, #1264, #106, #605, #1896, #2016 ) ) ;
#1278 = VECTOR ( 'NONE', #1931, 1000.000000000000114 ) ;
#1279 = ORIENTED_EDGE ( 'NONE', *, *, #531, .F. ) ;
#1280 = DIRECTION ( 'NONE',  ( 0.000000000000000000, 0.000000000000000000, 1.000000000000000000 ) ) ;
#1281 = VERTEX_POINT ( 'NONE', #151 ) ;
#1282 = EDGE_CURVE ( 'NONE', #1805, #1985, #291, .T. ) ;
#1283 = VERTEX_POINT ( 'NONE', #1849 ) ;
#1284 = ORIENTED_EDGE ( 'NONE', *, *, #1108, .F. ) ;
#1285 = DIRECTION ( 'NONE',  ( -0.3851179549580233674, -0.7071067811865482389, -0.5930296457757815443 ) ) ;
#1286 = ADVANCED_FACE ( 'NONE', ( #1609 ), #1421, .T. ) ;
#1287 = AXIS2_PLACEMENT_3D ( 'NONE', #1913, #373, #489 ) ;
#1288 = VERTEX_POINT ( 'NONE', #1624 ) ;
#1289 = DIRECTION ( 'NONE',  ( 0.000000000000000000, 0.000000000000000000, -1.000000000000000000 ) ) ;
#1290 = VERTEX_POINT ( 'NONE', #786 ) ;
#1291 = EDGE_CURVE ( 'NONE', #430, #742, #305, .T. ) ;
#1292 = EDGE_LOOP ( 'NONE', ( #478, #941, #329, #41 ) ) ;
#1293 = ORIENTED_EDGE ( 'NONE', *, *, #696, .F. ) ;
#1294 = ORIENTED_EDGE ( 'NONE', *, *, #315, .F. ) ;
#1295 = CIRCLE ( 'NONE', #1213, 2.125000000000000888 ) ;
#1296 = ORIENTED_EDGE ( 'NONE', *, *, #1881, .T. ) ;
#1297 = EDGE_LOOP ( 'NONE', ( #21, #1170, #1315, #904 ) ) ;
#1298 = DIRECTION ( 'NONE',  ( 0.6156614753256597350, 0.000000000000000000, -0.7880107536067207930 ) ) ;
#1299 = ORIENTED_EDGE ( 'NONE', *, *, #28, .T. ) ;
#1300 = CARTESIAN_POINT ( 'NONE',  ( -6.624503818469849925, -6.699999999999997513, 1.917276495208338982 ) ) ;
#1301 = AXIS2_PLACEMENT_3D ( 'NONE', #872, #113, #1038 ) ;
#1302 = CYLINDRICAL_SURFACE ( 'NONE', #488, 1.649999999999999689 ) ;
#1303 = ORIENTED_EDGE ( 'NONE', *, *, #1733, .F. ) ;
#1304 = ORIENTED_EDGE ( 'NONE', *, *, #878, .F. ) ;
#1305 = CARTESIAN_POINT ( 'NONE',  ( 2.323297985980322888, -8.078555197738248594, 6.447075807553360072 ) ) ;
#1306 = LINE ( 'NONE', #1054, #1982 ) ;
#1307 = DIRECTION ( 'NONE',  ( 0.000000000000000000, 1.000000000000000000, 0.000000000000000000 ) ) ;
#1308 = VERTEX_POINT ( 'NONE', #1863 ) ;
#1309 = DIRECTION ( 'NONE',  ( 0.000000000000000000, 0.000000000000000000, -1.000000000000000000 ) ) ;
#1310 = VECTOR ( 'NONE', #1783, 1000.000000000000000 ) ;
#1311 = EDGE_LOOP ( 'NONE', ( #661, #560, #804, #1528 ) ) ;
#1312 = AXIS2_PLACEMENT_3D ( 'NONE', #1544, #393, #1562 ) ;
#1313 = ORIENTED_EDGE ( 'NONE', *, *, #1071, .F. ) ;
#1314 = VECTOR ( 'NONE', #694, 1000.000000000000114 ) ;
#1315 = ORIENTED_EDGE ( 'NONE', *, *, #455, .F. ) ;
#1316 = CARTESIAN_POINT ( 'NONE',  ( 4.185029539517025832, -3.749999999999999556, 5.363583480600445874 ) ) ;
#1317 = PRODUCT ( 'BTA40-700B', 'BTA40-700B', '', ( #1166 ) ) ;
#1318 = EDGE_CURVE ( 'NONE', #1114, #1503, #252, .T. ) ;
#1319 = CARTESIAN_POINT ( 'NONE',  ( -17.97152872702093873, 14.02500000000000036, 3.896657060467226152 ) ) ;
#1320 = FACE_OUTER_BOUND ( 'NONE', #1232, .T. ) ;
#1321 = EDGE_LOOP ( 'NONE', ( #36, #1725 ) ) ;
#1322 = VERTEX_POINT ( 'NONE', #1713 ) ;
#1323 = CARTESIAN_POINT ( 'NONE',  ( -2.750000000000000444, -6.500000000000000000, -6.599999999999999645 ) ) ;
#1324 = VECTOR ( 'NONE', #389, 1000.000000000000114 ) ;
#1325 = CARTESIAN_POINT ( 'NONE',  ( 1.749999999999999334, -7.500000000000000888, -5.799999999999999822 ) ) ;
#1326 = ORIENTED_EDGE ( 'NONE', *, *, #1165, .F. ) ;
#1327 = ADVANCED_FACE ( 'NONE', ( #1599, #979 ), #1221, .F. ) ;
#1328 = EDGE_LOOP ( 'NONE', ( #1478, #838, #833, #1353 ) ) ;
#1329 = SURFACE_STYLE_FILL_AREA ( #1917 ) ;
#1330 = ORIENTED_EDGE ( 'NONE', *, *, #477, .F. ) ;
#1331 = ORIENTED_EDGE ( 'NONE', *, *, #1632, .F. ) ;
#1332 = ORIENTED_EDGE ( 'NONE', *, *, #1229, .F. ) ;
#1333 = AXIS2_PLACEMENT_3D ( 'NONE', #1378, #72, #277 ) ;
#1334 = CARTESIAN_POINT ( 'NONE',  ( -3.983004498646960378, 0.000000000000000000, 5.984828749743642540 ) ) ;
#1335 = FACE_OUTER_BOUND ( 'NONE', #476, .T. ) ;
#1336 = ORIENTED_EDGE ( 'NONE', *, *, #602, .F. ) ;
#1337 = CARTESIAN_POINT ( 'NONE',  ( 2.877393313773418448, 0.000000000000000000, 5.737866129307307439 ) ) ;
#1338 = DIRECTION ( 'NONE',  ( -0.8386705679454232731, 2.465190328815662439E-32, 0.5446390350150281945 ) ) ;
#1339 = EDGE_LOOP ( 'NONE', ( #1822, #1753, #386, #1641 ) ) ;
#1340 = PLANE ( 'NONE',  #413 ) ;
#1341 = AXIS2_PLACEMENT_3D ( 'NONE', #235, #1644, #1423 ) ;
#1342 = ORIENTED_EDGE ( 'NONE', *, *, #1864, .F. ) ;
#1343 = EDGE_CURVE ( 'NONE', #1283, #186, #1622, .T. ) ;
#1344 = ADVANCED_FACE ( 'NONE', ( #938, #1657 ), #392, .F. ) ;
#1345 = ORIENTED_EDGE ( 'NONE', *, *, #383, .T. ) ;
#1346 = DIRECTION ( 'NONE',  ( -0.7880107536067209040, -0.000000000000000000, -0.6156614753256597350 ) ) ;
#1347 = ORIENTED_EDGE ( 'NONE', *, *, #1051, .F. ) ;
#1348 = ORIENTED_EDGE ( 'NONE', *, *, #671, .F. ) ;
#1349 = DIRECTION ( 'NONE',  ( -0.000000000000000000, 1.000000000000000000, -0.000000000000000000 ) ) ;
#1350 = LINE ( 'NONE', #1798, #2030 ) ;
#1351 = DIRECTION ( 'NONE',  ( 0.000000000000000000, 1.000000000000000000, -0.000000000000000000 ) ) ;
#1352 = VERTEX_POINT ( 'NONE', #1032 ) ;
#1353 = ORIENTED_EDGE ( 'NONE', *, *, #568, .T. ) ;
#1354 = PRESENTATION_LAYER_ASSIGNMENT (  '', '', ( #1468 ) ) ;
#1355 = LINE ( 'NONE', #336, #15 ) ;
#1356 = ORIENTED_EDGE ( 'NONE', *, *, #1237, .T. ) ;
#1357 = ORIENTED_EDGE ( 'NONE', *, *, #910, .F. ) ;
#1358 = FACE_OUTER_BOUND ( 'NONE', #1465, .T. ) ;
#1359 = CARTESIAN_POINT ( 'NONE',  ( 5.200870973804364361, -3.749999999999999556, 4.063365737149355894 ) ) ;
#1360 = ORIENTED_EDGE ( 'NONE', *, *, #496, .F. ) ;
#1361 = ORIENTED_EDGE ( 'NONE', *, *, #883, .F. ) ;
#1362 = CARTESIAN_POINT ( 'NONE',  ( 2.749999999999999112, -6.500000000000000888, -6.599999999999999645 ) ) ;
#1363 = CIRCLE ( 'NONE', #1724, 1.649999999999999911 ) ;
#1364 = EDGE_LOOP ( 'NONE', ( #705, #56, #1376, #985 ) ) ;
#1365 = AXIS2_PLACEMENT_3D ( 'NONE', #401, #115, #307 ) ;
#1366 = CLOSED_SHELL ( 'NONE', ( #1650, #1717, #1474, #1504, #93, #1673, #1234, #206, #230, #1708, #1171, #643, #1795, #1998, #1957, #1877, #1697, #1143, #1633, #328, #141, #1381 ) ) ;
#1367 = DIRECTION ( 'NONE',  ( -0.000000000000000000, 1.000000000000000000, -0.000000000000000000 ) ) ;
#1368 = LINE ( 'NONE', #1590, #1385 ) ;
#1369 = DIRECTION ( 'NONE',  ( 0.000000000000000000, 1.000000000000000000, 0.000000000000000000 ) ) ;
#1370 = ORIENTED_EDGE ( 'NONE', *, *, #534, .T. ) ;
#1371 = EDGE_CURVE ( 'NONE', #439, #84, #929, .T. ) ;
#1372 = VECTOR ( 'NONE', #1285, 1000.000000000000000 ) ;
#1373 = CARTESIAN_POINT ( 'NONE',  ( -6.624503818469849925, -6.699999999999996625, 1.917276495208339870 ) ) ;
#1374 = ORIENTED_EDGE ( 'NONE', *, *, #397, .T. ) ;
#1375 = LINE ( 'NONE', #1464, #24 ) ;
#1376 = ORIENTED_EDGE ( 'NONE', *, *, #438, .T. ) ;
#1377 = CARTESIAN_POINT ( 'NONE',  ( -3.312068044290622737, -8.078555197738248594, 5.549117521731620428 ) ) ;
#1378 = CARTESIAN_POINT ( 'NONE',  ( -1.065392229928179058, 0.000000000000000000, -4.322175727284427893 ) ) ;
#1379 = FILL_AREA_STYLE ('',( #1936 ) ) ;
#1380 = EDGE_LOOP ( 'NONE', ( #1766, #334 ) ) ;
#1381 = ADVANCED_FACE ( 'NONE', ( #266 ), #314, .F. ) ;
#1382 = DIRECTION ( 'NONE',  ( 0.000000000000000000, -1.000000000000000000, 0.000000000000000000 ) ) ;
#1383 = CARTESIAN_POINT ( 'NONE',  ( -6.416510543876282391, 0.000000000000000000, 0.7686952844427060727 ) ) ;
#1384 = DIRECTION ( 'NONE',  ( 0.4353384041180884401, -0.7071067811865474617, -0.5572077475232338761 ) ) ;
#1385 = VECTOR ( 'NONE', #1191, 1000.000000000000000 ) ;
#1386 = CARTESIAN_POINT ( 'NONE',  ( 17.97152872702093873, 14.02500000000000036, 3.896657060467226597 ) ) ;
#1387 = ADVANCED_FACE ( 'NONE', ( #973 ), #110, .F. ) ;
#1388 = ORIENTED_EDGE ( 'NONE', *, *, #602, .T. ) ;
#1389 = PRESENTATION_LAYER_ASSIGNMENT (  '', '', ( #1619 ) ) ;
#1390 = FACE_OUTER_BOUND ( 'NONE', #645, .T. ) ;
#1391 = DIRECTION ( 'NONE',  ( 0.000000000000000000, -0.000000000000000000, -1.000000000000000000 ) ) ;
#1392 = ORIENTED_EDGE ( 'NONE', *, *, #26, .T. ) ;
#1393 = LINE ( 'NONE', #1325, #40 ) ;
#1394 = CARTESIAN_POINT ( 'NONE',  ( 0.000000000000000000, 2.500000000000000444, 0.000000000000000000 ) ) ;
#1395 = ORIENTED_EDGE ( 'NONE', *, *, #1768, .F. ) ;
#1396 = AXIS2_PLACEMENT_3D ( 'NONE', #59, #825, #1852 ) ;
#1397 = VERTEX_POINT ( 'NONE', #1699 ) ;
#1398 = EDGE_CURVE ( 'NONE', #815, #1199, #242, .T. ) ;
#1399 = CARTESIAN_POINT ( 'NONE',  ( 15.24306007946369235, 14.02500000000000036, 0.000000000000000000 ) ) ;
#1400 = DIRECTION ( 'NONE',  ( -0.000000000000000000, 1.000000000000000000, -0.000000000000000000 ) ) ;
#1401 = EDGE_CURVE ( 'NONE', #1828, #177, #1666, .T. ) ;
#1402 = LINE ( 'NONE', #2001, #89 ) ;
#1403 = CARTESIAN_POINT ( 'NONE',  ( 1.175132463422589923, -6.699999999999997513, -3.147866530431425058 ) ) ;
#1404 = ORIENTED_EDGE ( 'NONE', *, *, #1001, .F. ) ;
#1405 = EDGE_CURVE ( 'NONE', #424, #725, #1645, .T. ) ;
#1406 = ADVANCED_FACE ( 'NONE', ( #923 ), #715, .F. ) ;
#1407 = ORIENTED_EDGE ( 'NONE', *, *, #568, .F. ) ;
#1408 = COLOUR_RGB ( '',0.7921568627450980005, 0.8196078431372548767, 0.9333333333333333481 ) ;
#1409 =( NAMED_UNIT ( * ) PLANE_ANGLE_UNIT ( ) SI_UNIT ( $, .RADIAN. ) );
#1410 = DIRECTION ( 'NONE',  ( 0.8386705679454233842, 0.000000000000000000, -0.5446390350150281945 ) ) ;
#1411 = ORIENTED_EDGE ( 'NONE', *, *, #1501, .F. ) ;
#1412 = VECTOR ( 'NONE', #137, 1000.000000000000000 ) ;
#1413 = ORIENTED_EDGE ( 'NONE', *, *, #155, .F. ) ;
#1414 = DIRECTION ( 'NONE',  ( -0.000000000000000000, 1.000000000000000000, -0.000000000000000000 ) ) ;
#1415 = CARTESIAN_POINT ( 'NONE',  ( 0.000000000000000000, 0.000000000000000000, 0.000000000000000000 ) ) ;
#1416 = EDGE_LOOP ( 'NONE', ( #1638, #1680, #1740, #1057 ) ) ;
#1417 = AXIS2_PLACEMENT_3D ( 'NONE', #873, #1640, #660 ) ;
#1418 = CARTESIAN_POINT ( 'NONE',  ( 1.650000000000000133, -3.749999999999999556, 3.500537618869138168 ) ) ;
#1419 = EDGE_LOOP ( 'NONE', ( #1600, #1847 ) ) ;
#1420 = CIRCLE ( 'NONE', #324, 1.650000000000000133 ) ;
#1421 = PLANE ( 'NONE',  #1855 ) ;
#1422 = EDGE_LOOP ( 'NONE', ( #1651, #710, #573, #1682 ) ) ;
#1423 = DIRECTION ( 'NONE',  ( 0.000000000000000000, 0.000000000000000000, 1.000000000000000000 ) ) ;
#1424 = FACE_OUTER_BOUND ( 'NONE', #1558, .T. ) ;
#1425 = VERTEX_POINT ( 'NONE', #1681 ) ;
#1426 = CARTESIAN_POINT ( 'NONE',  ( 6.893940030949927689, -6.500000000000000000, 1.896336164730873186 ) ) ;
#1427 = CARTESIAN_POINT ( 'NONE',  ( 3.649999999999997247, 0.000000000000000000, -5.799999999999999822 ) ) ;
#1428 = AXIS2_PLACEMENT_3D ( 'NONE', #1198, #104, #90 ) ;
#1429 = CARTESIAN_POINT ( 'NONE',  ( 2.877393313773419337, 0.000000000000000000, 5.737866129307307439 ) ) ;
#1430 = LINE ( 'NONE', #753, #73 ) ;
#1431 = EDGE_LOOP ( 'NONE', ( #318, #765, #1395, #729 ) ) ;
#1432 = VECTOR ( 'NONE', #1880, 1000.000000000000114 ) ;
#1433 = EDGE_CURVE ( 'NONE', #430, #508, #270, .T. ) ;
#1434 = DIRECTION ( 'NONE',  ( -1.000000000000000000, 0.000000000000000000, 0.000000000000000000 ) ) ;
#1435 = ORIENTED_EDGE ( 'NONE', *, *, #1133, .T. ) ;
#1436 = CARTESIAN_POINT ( 'NONE',  ( 0.000000000000000000, 14.02500000000000036, 0.000000000000000000 ) ) ;
#1437 = PLANE ( 'NONE',  #51 ) ;
#1438 = CLOSED_SHELL ( 'NONE', ( #412, #1837, #482, #519, #902, #1000, #1211, #1934, #738, #836, #601, #1729, #791, #1190 ) ) ;
#1439 = DIRECTION ( 'NONE',  ( -0.000000000000000000, 1.000000000000000000, -0.000000000000000000 ) ) ;
#1440 = CARTESIAN_POINT ( 'NONE',  ( -3.650000000000003464, 0.000000000000000000, -6.599999999999999645 ) ) ;
#1441 = ORIENTED_EDGE ( 'NONE', *, *, #1949, .T. ) ;
#1442 = CARTESIAN_POINT ( 'NONE',  ( -6.624503818469849037, 0.000000000000000000, 1.917276495208338982 ) ) ;
#1443 = VECTOR ( 'NONE', #1091, 1000.000000000000000 ) ;
#1444 = ORIENTED_EDGE ( 'NONE', *, *, #1506, .F. ) ;
#1445 = SURFACE_STYLE_FILL_AREA ( #577 ) ;
#1446 = DIRECTION ( 'NONE',  ( -0.5446390350150281945, 0.000000000000000000, -0.8386705679454232731 ) ) ;
#1447 = ORIENTED_EDGE ( 'NONE', *, *, #497, .F. ) ;
#1448 = AXIS2_PLACEMENT_3D ( 'NONE', #1403, #144, #339 ) ;
#1449 = VECTOR ( 'NONE', #232, 1000.000000000000000 ) ;
#1450 = DIRECTION ( 'NONE',  ( -1.000000000000000000, 0.000000000000000000, 0.000000000000000000 ) ) ;
#1451 = EDGE_LOOP ( 'NONE', ( #1225, #576, #781, #842 ) ) ;
#1452 = DIRECTION ( 'NONE',  ( 0.000000000000000000, 1.000000000000000000, -0.000000000000000000 ) ) ;
#1453 = EDGE_CURVE ( 'NONE', #1685, #768, #260, .T. ) ;
#1454 = VECTOR ( 'NONE', #1338, 1000.000000000000114 ) ;
#1455 = ORIENTED_EDGE ( 'NONE', *, *, #79, .F. ) ;
#1456 = EDGE_CURVE ( 'NONE', #1308, #1397, #1617, .T. ) ;
#1457 =( LENGTH_UNIT ( ) NAMED_UNIT ( * ) SI_UNIT ( .MILLI., .METRE. ) );
#1458 = CIRCLE ( 'NONE', #1676, 2.125000000000000888 ) ;
#1459 = ORIENTED_EDGE ( 'NONE', *, *, #418, .F. ) ;
#1460 = FACE_OUTER_BOUND ( 'NONE', #391, .T. ) ;
#1461 = CARTESIAN_POINT ( 'NONE',  ( -1.650000000000000133, -3.749999999999999556, 3.500537618869138168 ) ) ;
#1462 = EDGE_LOOP ( 'NONE', ( #1270, #1223, #209, #735 ) ) ;
#1463 = VECTOR ( 'NONE', #376, 1000.000000000000114 ) ;
#1464 = CARTESIAN_POINT ( 'NONE',  ( -7.087446998232621809, 0.000000000000000000, 1.204406512454728739 ) ) ;
#1465 = EDGE_LOOP ( 'NONE', ( #1207, #1187, #1970, #1455 ) ) ;
#1466 = CARTESIAN_POINT ( 'NONE',  ( 3.493054789099079294, -7.500000000000000000, 4.949855375700586535 ) ) ;
#1467 = CIRCLE ( 'NONE', #955, 1.650000000000000133 ) ;
#1468 = STYLED_ITEM ( 'NONE', ( #107 ), #996 ) ;
#1469 = DIRECTION ( 'NONE',  ( 0.000000000000000000, 0.000000000000000000, -1.000000000000000000 ) ) ;
#1470 = ORIENTED_EDGE ( 'NONE', *, *, #509, .F. ) ;
#1471 =( NAMED_UNIT ( * ) SI_UNIT ( $, .STERADIAN. ) SOLID_ANGLE_UNIT ( ) );
#1472 = FACE_OUTER_BOUND ( 'NONE', #116, .T. ) ;
#1473 = ORIENTED_EDGE ( 'NONE', *, *, #1108, .T. ) ;
#1474 = ADVANCED_FACE ( 'NONE', ( #944 ), #301, .T. ) ;
#1475 = VERTEX_POINT ( 'NONE', #419 ) ;
#1476 = STYLED_ITEM ( 'NONE', ( #954 ), #1888 ) ;
#1477 = DIRECTION ( 'NONE',  ( 0.000000000000000000, 0.000000000000000000, 1.000000000000000000 ) ) ;
#1478 = ORIENTED_EDGE ( 'NONE', *, *, #745, .F. ) ;
#1479 = EDGE_CURVE ( 'NONE', #84, #756, #918, .T. ) ;
#1480 = CARTESIAN_POINT ( 'NONE',  ( 1.347111479062088207E-15, 3.500000000000003109, -11.00000000000000000 ) ) ;
#1481 = EDGE_CURVE ( 'NONE', #1503, #1114, #991, .T. ) ;
#1482 = ORIENTED_EDGE ( 'NONE', *, *, #219, .F. ) ;
#1483 = DIRECTION ( 'NONE',  ( 6.672013369141565463E-17, 1.000000000000000000, 0.000000000000000000 ) ) ;
#1484 = CARTESIAN_POINT ( 'NONE',  ( -15.24306007946369235, 2.500000000000000444, 0.000000000000000000 ) ) ;
#1485 = CARTESIAN_POINT ( 'NONE',  ( 1.749999999999999334, -7.500000000000000888, -6.599999999999999645 ) ) ;
#1486 = VERTEX_POINT ( 'NONE', #48 ) ;
#1487 = DIRECTION ( 'NONE',  ( 0.000000000000000000, 1.000000000000000000, 0.000000000000000000 ) ) ;
#1488 = ORIENTED_EDGE ( 'NONE', *, *, #1129, .T. ) ;
#1489 = DIRECTION ( 'NONE',  ( -0.8191520442889911324, -0.000000000000000000, 0.5735764363510470476 ) ) ;
#1490 = ORIENTED_EDGE ( 'NONE', *, *, #1839, .T. ) ;
#1491 = AXIS2_PLACEMENT_3D ( 'NONE', #1484, #1124, #34 ) ;
#1492 = CARTESIAN_POINT ( 'NONE',  ( -17.97152872702093873, 16.50000000000000000, 3.896657060467226152 ) ) ;
#1493 = VERTEX_POINT ( 'NONE', #1426 ) ;
#1494 = CARTESIAN_POINT ( 'NONE',  ( 0.000000000000000000, 16.50000000000000000, 13.50000000000000000 ) ) ;
#1495 = DIRECTION ( 'NONE',  ( 0.7071067811865473507, 0.7071067811865477948, 0.000000000000000000 ) ) ;
#1496 = ORIENTED_EDGE ( 'NONE', *, *, #32, .F. ) ;
#1497 = PRODUCT_DEFINITION_FORMATION_WITH_SPECIFIED_SOURCE ( 'ANY', '', #1317, .NOT_KNOWN. ) ;
#1498 = VERTEX_POINT ( 'NONE', #650 ) ;
#1499 = LINE ( 'NONE', #1183, #321 ) ;
#1500 = EDGE_CURVE ( 'NONE', #1121, #417, #285, .T. ) ;
#1501 = EDGE_CURVE ( 'NONE', #92, #344, #1591, .T. ) ;
#1502 = PLANE ( 'NONE',  #1417 ) ;
#1503 = VERTEX_POINT ( 'NONE', #231 ) ;
#1504 = ADVANCED_FACE ( 'NONE', ( #256 ), #1628, .F. ) ;
#1505 = FACE_OUTER_BOUND ( 'NONE', #1935, .T. ) ;
#1506 = EDGE_CURVE ( 'NONE', #417, #1114, #274, .T. ) ;
#1507 =( LENGTH_UNIT ( ) NAMED_UNIT ( * ) SI_UNIT ( .MILLI., .METRE. ) );
#1508 = CYLINDRICAL_SURFACE ( 'NONE', #354, 2.125000000000000888 ) ;
#1509 = VERTEX_POINT ( 'NONE', #1112 ) ;
#1510 = VECTOR ( 'NONE', #1561, 1000.000000000000000 ) ;
#1511 = DIRECTION ( 'NONE',  ( 0.000000000000000000, 0.000000000000000000, -1.000000000000000000 ) ) ;
#1512 =( NAMED_UNIT ( * ) PLANE_ANGLE_UNIT ( ) SI_UNIT ( $, .RADIAN. ) );
#1513 = ORIENTED_EDGE ( 'NONE', *, *, #1500, .F. ) ;
#1514 = ORIENTED_EDGE ( 'NONE', *, *, #1291, .T. ) ;
#1515 = LINE ( 'NONE', #1174, #1559 ) ;
#1516 = CARTESIAN_POINT ( 'NONE',  ( 3.649999999999997247, 0.000000000000000000, -6.599999999999999645 ) ) ;
#1517 =( GEOMETRIC_REPRESENTATION_CONTEXT ( 3 ) GLOBAL_UNCERTAINTY_ASSIGNED_CONTEXT ( ( #14 ) ) GLOBAL_UNIT_ASSIGNED_CONTEXT ( ( #1595, #1726, #628 ) ) REPRESENTATION_CONTEXT ( 'NONE', 'WORKASPACE' ) );
#1518 = DIRECTION ( 'NONE',  ( 0.000000000000000000, -0.000000000000000000, 1.000000000000000000 ) ) ;
#1519 = VECTOR ( 'NONE', #562, 1000.000000000000000 ) ;
#1520 = ORIENTED_EDGE ( 'NONE', *, *, #1133, .F. ) ;
#1521 = AXIS2_PLACEMENT_3D ( 'NONE', #1019, #483, #674 ) ;
#1522 = CARTESIAN_POINT ( 'NONE',  ( 6.278278555624268620, -7.500000000000000000, 2.684346918337594090 ) ) ;
#1523 = LINE ( 'NONE', #1418, #857 ) ;
#1524 = ORIENTED_EDGE ( 'NONE', *, *, #418, .T. ) ;
#1525 = FACE_OUTER_BOUND ( 'NONE', #1422, .T. ) ;
#1526 = DIRECTION ( 'NONE',  ( 0.000000000000000000, 1.000000000000000000, 0.000000000000000000 ) ) ;
#1527 = LINE ( 'NONE', #802, #168 ) ;
#1528 = ORIENTED_EDGE ( 'NONE', *, *, #383, .F. ) ;
#1529 = VECTOR ( 'NONE', #1020, 1000.000000000000000 ) ;
#1530 = CARTESIAN_POINT ( 'NONE',  ( 0.000000000000000000, 3.500000000000003109, 0.000000000000000000 ) ) ;
#1531 = CARTESIAN_POINT ( 'NONE',  ( 0.000000000000000000, 12.99999999999999822, 0.000000000000000000 ) ) ;
#1532 = EDGE_LOOP ( 'NONE', ( #1874, #907, #216, #214 ) ) ;
#1533 = EDGE_CURVE ( 'NONE', #428, #1779, #1642, .T. ) ;
#1534 = LINE ( 'NONE', #480, #837 ) ;
#1535 = ORIENTED_EDGE ( 'NONE', *, *, #380, .F. ) ;
#1536 = CIRCLE ( 'NONE', #2024, 11.00000000000000000 ) ;
#1537 = EDGE_CURVE ( 'NONE', #1162, #1283, #961, .T. ) ;
#1538 = LINE ( 'NONE', #1373, #1546 ) ;
#1539 = ORIENTED_EDGE ( 'NONE', *, *, #1343, .T. ) ;
#1540 = LINE ( 'NONE', #207, #215 ) ;
#1541 = FACE_OUTER_BOUND ( 'NONE', #1364, .T. ) ;
#1542 = ORIENTED_EDGE ( 'NONE', *, *, #915, .T. ) ;
#1543 = CIRCLE ( 'NONE', #287, 2.125000000000000888 ) ;
#1544 = CARTESIAN_POINT ( 'NONE',  ( 3.353688603482702479, -7.499999999999999112, 0.2068157413502684505 ) ) ;
#1545 = DIRECTION ( 'NONE',  ( 0.000000000000000000, 0.000000000000000000, 1.000000000000000000 ) ) ;
#1546 = VECTOR ( 'NONE', #1258, 1000.000000000000114 ) ;
#1547 = ORIENTED_EDGE ( 'NONE', *, *, #1037, .F. ) ;
#1548 = ADVANCED_FACE ( 'NONE', ( #1741 ), #1028, .F. ) ;
#1549 = LINE ( 'NONE', #1201, #152 ) ;
#1550 = ORIENTED_EDGE ( 'NONE', *, *, #1735, .T. ) ;
#1551 = VECTOR ( 'NONE', #10, 1000.000000000000000 ) ;
#1552 = CARTESIAN_POINT ( 'NONE',  ( -6.416510543876282391, 2.500000000000000444, 0.7686952844427060727 ) ) ;
#1553 = LINE ( 'NONE', #933, #965 ) ;
#1554 = ORIENTED_EDGE ( 'NONE', *, *, #224, .T. ) ;
#1555 = DIRECTION ( 'NONE',  ( 6.672013369141565463E-17, 1.000000000000000000, 0.000000000000000000 ) ) ;
#1556 =( NAMED_UNIT ( * ) SI_UNIT ( $, .STERADIAN. ) SOLID_ANGLE_UNIT ( ) );
#1557 = VECTOR ( 'NONE', #299, 1000.000000000000000 ) ;
#1558 = EDGE_LOOP ( 'NONE', ( #638, #1967, #682, #53, #1964, #490, #1566, #1224, #1832, #1435 ) ) ;
#1559 = VECTOR ( 'NONE', #1806, 1000.000000000000000 ) ;
#1560 = CARTESIAN_POINT ( 'NONE',  ( 5.586303805206322082, -3.749999999999999556, 2.270618813437735639 ) ) ;
#1561 = DIRECTION ( 'NONE',  ( -0.5446390350150278614, 0.000000000000000000, -0.8386705679454234952 ) ) ;
#1562 = DIRECTION ( 'NONE',  ( 0.8386705679454232731, 0.000000000000000000, -0.5446390350150281945 ) ) ;
#1563 = DIRECTION ( 'NONE',  ( -0.8386705679454233842, 0.000000000000000000, 0.5446390350150283055 ) ) ;
#1564 = EDGE_CURVE ( 'NONE', #288, #1805, #1064, .T. ) ;
#1565 = VECTOR ( 'NONE', #1721, 1000.000000000000114 ) ;
#1566 = ORIENTED_EDGE ( 'NONE', *, *, #1371, .T. ) ;
#1567 = VECTOR ( 'NONE', #1004, 999.9999999999998863 ) ;
#1568 = EDGE_CURVE ( 'NONE', #1, #278, #1746, .T. ) ;
#1569 =( LENGTH_UNIT ( ) NAMED_UNIT ( * ) SI_UNIT ( .MILLI., .METRE. ) );
#1570 = DIRECTION ( 'NONE',  ( 0.000000000000000000, 0.000000000000000000, 1.000000000000000000 ) ) ;
#1571 = PRESENTATION_STYLE_ASSIGNMENT (( #1217 ) ) ;
#1572 = ORIENTED_EDGE ( 'NONE', *, *, #82, .T. ) ;
#1573 = LINE ( 'NONE', #45, #856 ) ;
#1574 = DIRECTION ( 'NONE',  ( 0.000000000000000000, 1.000000000000000000, 0.000000000000000000 ) ) ;
#1575 = LINE ( 'NONE', #1386, #1584 ) ;
#1576 = ORIENTED_EDGE ( 'NONE', *, *, #1636, .T. ) ;
#1577 = FACE_OUTER_BOUND ( 'NONE', #1462, .T. ) ;
#1578 = FACE_OUTER_BOUND ( 'NONE', #947, .T. ) ;
#1579 = ORIENTED_EDGE ( 'NONE', *, *, #1146, .F. ) ;
#1580 = CONICAL_SURFACE ( 'NONE', #1341, 11.00000000000000000, 0.7853981633974543852 ) ;
#1581 = DIRECTION ( 'NONE',  ( 0.5446390350150281945, 0.000000000000000000, 0.8386705679454233842 ) ) ;
#1582 = PLANE ( 'NONE',  #1927 ) ;
#1583 = CARTESIAN_POINT ( 'NONE',  ( 6.263531428064549544, 8.597848271558416405E-32, 1.403806984470344243 ) ) ;
#1584 = VECTOR ( 'NONE', #131, 1000.000000000000000 ) ;
#1585 = ORIENTED_EDGE ( 'NONE', *, *, #805, .T. ) ;
#1586 = DIRECTION ( 'NONE',  ( -0.5446390350150281945, 0.000000000000000000, -0.8386705679454233842 ) ) ;
#1587 = CARTESIAN_POINT ( 'NONE',  ( -5.953567364113510507, -7.500000000000000000, 1.481565267196312208 ) ) ;
#1588 = ORIENTED_EDGE ( 'NONE', *, *, #667, .T. ) ;
#1589 = FACE_OUTER_BOUND ( 'NONE', #1292, .T. ) ;
#1590 = CARTESIAN_POINT ( 'NONE',  ( 6.893940030949927689, 0.000000000000000000, 1.896336164730873630 ) ) ;
#1591 = LINE ( 'NONE', #2031, #238 ) ;
#1592 = ORIENTED_EDGE ( 'NONE', *, *, #822, .T. ) ;
#1593 = FACE_OUTER_BOUND ( 'NONE', #1297, .T. ) ;
#1594 = DIRECTION ( 'NONE',  ( 0.5446390350150281945, 0.000000000000000000, 0.8386705679454232731 ) ) ;
#1595 =( LENGTH_UNIT ( ) NAMED_UNIT ( * ) SI_UNIT ( .MILLI., .METRE. ) );
#1596 = AXIS2_PLACEMENT_3D ( 'NONE', #510, #912, #706 ) ;
#1597 = DIRECTION ( 'NONE',  ( 1.000000000000000000, 0.000000000000000000, 0.000000000000000000 ) ) ;
#1598 = PRODUCT_DEFINITION_CONTEXT ( 'detailed design', #1895, 'design' ) ;
#1599 = FACE_OUTER_BOUND ( 'NONE', #1277, .T. ) ;
#1600 = ORIENTED_EDGE ( 'NONE', *, *, #1131, .F. ) ;
#1601 = LINE ( 'NONE', #1791, #292 ) ;
#1602 = DIRECTION ( 'NONE',  ( 0.000000000000000000, 1.000000000000000000, 0.000000000000000000 ) ) ;
#1603 = DIRECTION ( 'NONE',  ( 0.000000000000000000, 1.000000000000000000, 0.000000000000000000 ) ) ;
#1604 = CARTESIAN_POINT ( 'NONE',  ( 0.000000000000000000, 14.02500000000000036, 0.000000000000000000 ) ) ;
#1605 = EDGE_CURVE ( 'NONE', #1805, #695, #1024, .T. ) ;
#1606 = VECTOR ( 'NONE', #363, 1000.000000000000114 ) ;
#1607 = CIRCLE ( 'NONE', #1031, 12.02499999999999858 ) ;
#1608 = CARTESIAN_POINT ( 'NONE',  ( 2.953706588865701033, 2.500000000000000444, 6.939604987813889458 ) ) ;
#1609 = FACE_OUTER_BOUND ( 'NONE', #826, .T. ) ;
#1610 = VECTOR ( 'NONE', #1616, 1000.000000000000000 ) ;
#1611 = CARTESIAN_POINT ( 'NONE',  ( 0.000000000000000000, 3.500000000000003109, 0.000000000000000000 ) ) ;
#1612 = FACE_OUTER_BOUND ( 'NONE', #820, .T. ) ;
#1613 = CARTESIAN_POINT ( 'NONE',  ( -4.864289294083454784, -3.749999999999998668, 3.158906403087163195 ) ) ;
#1614 = PLANE ( 'NONE',  #679 ) ;
#1615 = AXIS2_PLACEMENT_3D ( 'NONE', #1148, #1307, #741 ) ;
#1616 = DIRECTION ( 'NONE',  ( 1.000000000000000000, -0.000000000000000000, 0.000000000000000000 ) ) ;
#1617 = LINE ( 'NONE', #1587, #295 ) ;
#1618 = LINE ( 'NONE', #957, #934 ) ;
#1619 = STYLED_ITEM ( 'NONE', ( #688 ), #731 ) ;
#1620 = CARTESIAN_POINT ( 'NONE',  ( -3.650000000000003464, 2.500000000000000444, -5.799999999999999822 ) ) ;
#1621 = CARTESIAN_POINT ( 'NONE',  ( -1.681053705253838126, -7.500000000000000000, -3.534164973677708321 ) ) ;
#1622 = CIRCLE ( 'NONE', #795, 13.50000000000000000 ) ;
#1623 = LINE ( 'NONE', #1800, #1629 ) ;
#1624 = CARTESIAN_POINT ( 'NONE',  ( 6.216712408091702891, -3.749999999999999556, 2.763147993698267246 ) ) ;
#1625 = ORIENTED_EDGE ( 'NONE', *, *, #1005, .T. ) ;
#1626 = FACE_OUTER_BOUND ( 'NONE', #2002, .T. ) ;
#1627 = AXIS2_PLACEMENT_3D ( 'NONE', #1415, #811, #1597 ) ;
#1628 = CYLINDRICAL_SURFACE ( 'NONE', #1698, 2.125000000000000888 ) ;
#1629 = VECTOR ( 'NONE', #1955, 1000.000000000000000 ) ;
#1630 = DIRECTION ( 'NONE',  ( 0.000000000000000000, 0.000000000000000000, 1.000000000000000000 ) ) ;
#1631 = CARTESIAN_POINT ( 'NONE',  ( -4.451530344219307267, 0.000000000000000000, 0.01188341755253580906 ) ) ;
#1632 = EDGE_CURVE ( 'NONE', #1397, #424, #1034, .T. ) ;
#1633 = ADVANCED_FACE ( 'NONE', ( #1525 ), #154, .T. ) ;
#1634 = ORIENTED_EDGE ( 'NONE', *, *, #1882, .T. ) ;
#1635 = VECTOR ( 'NONE', #990, 1000.000000000000114 ) ;
#1636 = EDGE_CURVE ( 'NONE', #894, #88, #869, .T. ) ;
#1637 = EDGE_CURVE ( 'NONE', #613, #1142, #887, .T. ) ;
#1638 = ORIENTED_EDGE ( 'NONE', *, *, #1667, .F. ) ;
#1639 = VECTOR ( 'NONE', #1928, 1000.000000000000000 ) ;
#1640 = DIRECTION ( 'NONE',  ( 1.180997649967404307E-16, -1.000000000000000000, 1.818576903532159291E-16 ) ) ;
#1641 = ORIENTED_EDGE ( 'NONE', *, *, #937, .F. ) ;
#1642 = CIRCLE ( 'NONE', #1765, 11.00000000000000000 ) ;
#1643 = FACE_OUTER_BOUND ( 'NONE', #166, .T. ) ;
#1644 = DIRECTION ( 'NONE',  ( -0.000000000000000000, 1.000000000000000000, -0.000000000000000000 ) ) ;
#1645 = LINE ( 'NONE', #251, #948 ) ;
#1646 = CARTESIAN_POINT ( 'NONE',  ( -3.650000000000003464, 0.000000000000000000, -5.799999999999999822 ) ) ;
#1647 = LINE ( 'NONE', #1492, #325 ) ;
#1648 = PRESENTATION_LAYER_ASSIGNMENT (  '', '', ( #988 ) ) ;
#1649 = CARTESIAN_POINT ( 'NONE',  ( 0.000000000000000000, 12.99999999999999822, 0.000000000000000000 ) ) ;
#1650 = ADVANCED_FACE ( 'NONE', ( #147 ), #871, .F. ) ;
#1651 = ORIENTED_EDGE ( 'NONE', *, *, #1949, .F. ) ;
#1652 = VECTOR ( 'NONE', #1483, 1000.000000000000000 ) ;
#1653 = FACE_OUTER_BOUND ( 'NONE', #817, .T. ) ;
#1654 = AXIS2_PLACEMENT_3D ( 'NONE', #951, #1410, #1586 ) ;
#1655 = DIRECTION ( 'NONE',  ( 0.000000000000000000, 0.000000000000000000, 1.000000000000000000 ) ) ;
#1656 = VERTEX_POINT ( 'NONE', #1080 ) ;
#1657 = FACE_BOUND ( 'NONE', #160, .T. ) ;
#1658 = CARTESIAN_POINT ( 'NONE',  ( -7.743281890739137197, 14.02500000000000036, -11.05855259790137879 ) ) ;
#1659 = AXIS2_PLACEMENT_3D ( 'NONE', #30, #2026, #470 ) ;
#1660 = ORIENTED_EDGE ( 'NONE', *, *, #1048, .F. ) ;
#1661 = EDGE_CURVE ( 'NONE', #1233, #430, #211, .T. ) ;
#1662 = CYLINDRICAL_SURFACE ( 'NONE', #1710, 4.756939920536306765 ) ;
#1663 = LINE ( 'NONE', #432, #316 ) ;
#1664 = CARTESIAN_POINT ( 'NONE',  ( 7.448035358743015699, 2.500000000000000444, 1.187126486484825660 ) ) ;
#1665 = ORIENTED_EDGE ( 'NONE', *, *, #1944, .F. ) ;
#1666 = CIRCLE ( 'NONE', #1287, 2.125000000000000888 ) ;
#1667 = EDGE_CURVE ( 'NONE', #1498, #1903, #182, .T. ) ;
#1668 = FACE_OUTER_BOUND ( 'NONE', #1813, .T. ) ;
#1669 = DIRECTION ( 'NONE',  ( 0.000000000000000000, 1.000000000000000000, 0.000000000000000000 ) ) ;
#1670 = VECTOR ( 'NONE', #1243, 1000.000000000000114 ) ;
#1671 = SURFACE_STYLE_FILL_AREA ( #1379 ) ;
#1672 = FILL_AREA_STYLE_COLOUR ( '', #29 ) ;
#1673 = ADVANCED_FACE ( 'NONE', ( #1505 ), #860, .T. ) ;
#1674 = VECTOR ( 'NONE', #1686, 1000.000000000000000 ) ;
#1675 = SURFACE_STYLE_USAGE ( .BOTH. , #1156 ) ;
#1676 = AXIS2_PLACEMENT_3D ( 'NONE', #810, #195, #1097 ) ;
#1677 = DIRECTION ( 'NONE',  ( 0.8191520442889911324, -0.000000000000000000, -0.5735764363510470476 ) ) ;
#1678 = VERTEX_POINT ( 'NONE', #1118 ) ;
#1679 = DIRECTION ( 'NONE',  ( -0.8386705679454234952, 0.000000000000000000, 0.5446390350150278614 ) ) ;
#1680 = ORIENTED_EDGE ( 'NONE', *, *, #1702, .T. ) ;
#1681 = CARTESIAN_POINT ( 'NONE',  ( 17.97152872702093873, 16.50000000000000000, 3.896657060467226597 ) ) ;
#1682 = ORIENTED_EDGE ( 'NONE', *, *, #1015, .T. ) ;
#1683 = DIRECTION ( 'NONE',  ( 0.000000000000000000, 0.000000000000000000, -1.000000000000000000 ) ) ;
#1684 = CARTESIAN_POINT ( 'NONE',  ( 17.97152872702093873, 14.02500000000000036, 3.896657060467226597 ) ) ;
#1685 = VERTEX_POINT ( 'NONE', #184 ) ;
#1686 = DIRECTION ( 'NONE',  ( 0.000000000000000000, 1.000000000000000000, 0.000000000000000000 ) ) ;
#1687 = EDGE_CURVE ( 'NONE', #756, #855, #198, .T. ) ;
#1688 = ORIENTED_EDGE ( 'NONE', *, *, #28, .F. ) ;
#1689 = CARTESIAN_POINT ( 'NONE',  ( 2.323297985980322888, 2.500000000000000444, 6.447075807553360072 ) ) ;
#1690 = DIRECTION ( 'NONE',  ( 1.000000000000000000, 0.000000000000000000, -0.000000000000000000 ) ) ;
#1691 = DIRECTION ( 'NONE',  ( 0.6156614753256598460, 0.000000000000000000, -0.7880107536067207930 ) ) ;
#1692 = DIRECTION ( 'NONE',  ( -0.7880107536067207930, -0.000000000000000000, -0.6156614753256597350 ) ) ;
#1693 = ORIENTED_EDGE ( 'NONE', *, *, #1001, .T. ) ;
#1694 = CARTESIAN_POINT ( 'NONE',  ( 0.000000000000000000, 14.02499999999999858, 12.02499999999999858 ) ) ;
#1695 = PLANE ( 'NONE',  #1596 ) ;
#1696 = DIRECTION ( 'NONE',  ( 0.4353384041180878850, 0.7071067811865476838, -0.5572077475232340982 ) ) ;
#1697 = ADVANCED_FACE ( 'NONE', ( #1577 ), #864, .F. ) ;
#1698 = AXIS2_PLACEMENT_3D ( 'NONE', #212, #173, #627 ) ;
#1699 = CARTESIAN_POINT ( 'NONE',  ( -5.517856136101483067, -7.500000000000000000, 2.152501721552657621 ) ) ;
#1700 = VERTEX_POINT ( 'NONE', #1516 ) ;
#1701 = EDGE_CURVE ( 'NONE', #1700, #571, #164, .T. ) ;
#1702 = EDGE_CURVE ( 'NONE', #1498, #177, #1515, .T. ) ;
#1703 = DIRECTION ( 'NONE',  ( 0.8191520442889911324, 0.000000000000000000, 0.5735764363510470476 ) ) ;
#1704 = DIRECTION ( 'NONE',  ( -0.8191520442889911324, 0.000000000000000000, 0.5735764363510470476 ) ) ;
#1705 = CARTESIAN_POINT ( 'NONE',  ( 0.000000000000000000, 16.50000000000000000, 0.000000000000000000 ) ) ;
#1706 = FILL_AREA_STYLE ('',( #950 ) ) ;
#1707 = PRESENTATION_LAYER_ASSIGNMENT (  '', '', ( #758 ) ) ;
#1708 = ADVANCED_FACE ( 'NONE', ( #167 ), #1340, .T. ) ;
#1709 =( NAMED_UNIT ( * ) PLANE_ANGLE_UNIT ( ) SI_UNIT ( $, .RADIAN. ) );
#1710 = AXIS2_PLACEMENT_3D ( 'NONE', #1084, #1205, #1570 ) ;
#1711 = CARTESIAN_POINT ( 'NONE',  ( -1.750000000000000222, -7.500000000000000000, 3.500537618869138168 ) ) ;
#1712 =( GEOMETRIC_REPRESENTATION_CONTEXT ( 3 ) GLOBAL_UNCERTAINTY_ASSIGNED_CONTEXT ( ( #1926 ) ) GLOBAL_UNIT_ASSIGNED_CONTEXT ( ( #1727, #1719, #158 ) ) REPRESENTATION_CONTEXT ( 'NONE', 'WORKASPACE' ) );
#1713 = CARTESIAN_POINT ( 'NONE',  ( -6.416510543876282391, 0.000000000000000000, 0.7686952844427060727 ) ) ;
#1714 = EDGE_CURVE ( 'NONE', #768, #1685, #847, .T. ) ;
#1715 = EDGE_CURVE ( 'NONE', #81, #1816, #900, .T. ) ;
#1716 = EDGE_CURVE ( 'NONE', #1141, #46, #890, .T. ) ;
#1717 = ADVANCED_FACE ( 'NONE', ( #192 ), #1580, .T. ) ;
#1718 = DIRECTION ( 'NONE',  ( -0.000000000000000000, 1.000000000000000000, -0.000000000000000000 ) ) ;
#1719 =( NAMED_UNIT ( * ) PLANE_ANGLE_UNIT ( ) SI_UNIT ( $, .RADIAN. ) );
#1720 = DIRECTION ( 'NONE',  ( 0.7880107536067207930, 0.000000000000000000, 0.6156614753256597350 ) ) ;
#1721 = DIRECTION ( 'NONE',  ( 0.8386705679454232731, -2.465190328815662439E-32, -0.5446390350150281945 ) ) ;
#1722 = DIRECTION ( 'NONE',  ( -0.000000000000000000, 1.000000000000000000, 0.000000000000000000 ) ) ;
#1723 = ORIENTED_EDGE ( 'NONE', *, *, #2003, .F. ) ;
#1724 = AXIS2_PLACEMENT_3D ( 'NONE', #57, #1692, #43 ) ;
#1725 = ORIENTED_EDGE ( 'NONE', *, *, #853, .T. ) ;
#1726 =( NAMED_UNIT ( * ) PLANE_ANGLE_UNIT ( ) SI_UNIT ( $, .RADIAN. ) );
#1727 =( LENGTH_UNIT ( ) NAMED_UNIT ( * ) SI_UNIT ( .MILLI., .METRE. ) );
#1728 = AXIS2_PLACEMENT_3D ( 'NONE', #1082, #1563, #105 ) ;
#1729 = ADVANCED_FACE ( 'NONE', ( #222 ), #485, .T. ) ;
#1730 = DIRECTION ( 'NONE',  ( 0.000000000000000000, 0.000000000000000000, -1.000000000000000000 ) ) ;
#1731 = DIRECTION ( 'NONE',  ( -0.3851179549580243666, 0.7071067811865469066, -0.5930296457757826545 ) ) ;
#1732 = CARTESIAN_POINT ( 'NONE',  ( 2.323297985980322888, 0.000000000000000000, 6.447075807553360072 ) ) ;
#1733 = EDGE_CURVE ( 'NONE', #1425, #1678, #229, .T. ) ;
#1734 = VERTEX_POINT ( 'NONE', #1259 ) ;
#1735 = EDGE_CURVE ( 'NONE', #1793, #854, #150, .T. ) ;
#1736 = DIRECTION ( 'NONE',  ( 0.7880107536067207930, 0.000000000000000000, 0.6156614753256597350 ) ) ;
#1737 = CARTESIAN_POINT ( 'NONE',  ( 1.650000000000000133, -3.749999999999999556, -6.599999999999999645 ) ) ;
#1738 = ORIENTED_EDGE ( 'NONE', *, *, #1036, .T. ) ;
#1739 = SURFACE_STYLE_USAGE ( .BOTH. , #462 ) ;
#1740 = ORIENTED_EDGE ( 'NONE', *, *, #771, .T. ) ;
#1741 = FACE_OUTER_BOUND ( 'NONE', #1104, .T. ) ;
#1742 = CARTESIAN_POINT ( 'NONE',  ( -3.650000000000003464, 0.000000000000000000, -6.599999999999999645 ) ) ;
#1743 = CARTESIAN_POINT ( 'NONE',  ( 0.000000000000000000, 14.02500000000000036, 0.000000000000000000 ) ) ;
#1744 = DIRECTION ( 'NONE',  ( 0.000000000000000000, 1.000000000000000000, 0.000000000000000000 ) ) ;
#1745 = DIRECTION ( 'NONE',  ( 0.000000000000000000, 0.000000000000000000, 1.000000000000000000 ) ) ;
#1746 = LINE ( 'NONE', #1235, #353 ) ;
#1747 = CARTESIAN_POINT ( 'NONE',  ( 2.877393313773419337, -6.499999999999999112, 5.737866129307307439 ) ) ;
#1748 = CARTESIAN_POINT ( 'NONE',  ( -15.04999999999999893, 16.50000000000000000, 2.125000000000000888 ) ) ;
#1749 = CARTESIAN_POINT ( 'NONE',  ( -3.650000000000003464, 0.000000000000000000, -5.799999999999999822 ) ) ;
#1750 = CARTESIAN_POINT ( 'NONE',  ( 15.04999999999999893, 16.50000000000000000, 2.125000000000000888 ) ) ;
#1751 = MECHANICAL_DESIGN_GEOMETRIC_PRESENTATION_REPRESENTATION (  '', ( #1193 ), #1712 ) ;
#1752 = FILL_AREA_STYLE_COLOUR ( '', #1010 ) ;
#1753 = ORIENTED_EDGE ( 'NONE', *, *, #2028, .T. ) ;
#1754 = AXIS2_PLACEMENT_3D ( 'NONE', #1150, #1487, #835 ) ;
#1755 = DIRECTION ( 'NONE',  ( -1.000000000000000000, -0.000000000000000000, -0.000000000000000000 ) ) ;
#1756 = EDGE_LOOP ( 'NONE', ( #1997, #1572, #1218, #1585 ) ) ;
#1757 = EDGE_CURVE ( 'NONE', #1779, #428, #1536, .T. ) ;
#1758 = CARTESIAN_POINT ( 'NONE',  ( -4.445947678409736703, -7.499999999999999112, 5.271958766990032075 ) ) ;
#1759 = DIRECTION ( 'NONE',  ( 0.000000000000000000, 0.000000000000000000, -1.000000000000000000 ) ) ;
#1760 = CARTESIAN_POINT ( 'NONE',  ( 0.000000000000000000, 3.500000000000003109, 11.00000000000000000 ) ) ;
#1761 = ORIENTED_EDGE ( 'NONE', *, *, #397, .F. ) ;
#1762 = CARTESIAN_POINT ( 'NONE',  ( -7.087446998232621809, 2.500000000000000444, 1.204406512454728739 ) ) ;
#1763 = ADVANCED_FACE ( 'NONE', ( #171 ), #374, .T. ) ;
#1764 = CARTESIAN_POINT ( 'NONE',  ( 0.000000000000000000, 14.02500000000000036, 0.000000000000000000 ) ) ;
#1765 = AXIS2_PLACEMENT_3D ( 'NONE', #16, #193, #1630 ) ;
#1766 = ORIENTED_EDGE ( 'NONE', *, *, #338, .F. ) ;
#1767 = PLANE ( 'NONE',  #117 ) ;
#1768 = EDGE_CURVE ( 'NONE', #436, #1281, #204, .T. ) ;
#1769 = ORIENTED_EDGE ( 'NONE', *, *, #1343, .F. ) ;
#1770 = EDGE_CURVE ( 'NONE', #551, #1076, #202, .T. ) ;
#1771 = EDGE_CURVE ( 'NONE', #1774, #529, #1540, .T. ) ;
#1772 = DIRECTION ( 'NONE',  ( 0.000000000000000000, 0.000000000000000000, -1.000000000000000000 ) ) ;
#1773 = ORIENTED_EDGE ( 'NONE', *, *, #798, .F. ) ;
#1774 = VERTEX_POINT ( 'NONE', #1887 ) ;
#1775 = CARTESIAN_POINT ( 'NONE',  ( 3.649999999999996358, 2.500000000000000444, -6.599999999999999645 ) ) ;
#1776 = DIRECTION ( 'NONE',  ( 0.000000000000000000, -1.000000000000000000, 0.000000000000000000 ) ) ;
#1777 = VERTEX_POINT ( 'NONE', #840 ) ;
#1778 = CARTESIAN_POINT ( 'NONE',  ( -2.750000000000000444, -6.500000000000000000, 3.500537618869138168 ) ) ;
#1779 = VERTEX_POINT ( 'NONE', #1480 ) ;
#1780 = CLOSED_SHELL ( 'NONE', ( #342, #1406, #1286, #2013, #1835, #1344, #250, #940, #1763, #1208, #39, #549, #775, #578 ) ) ;
#1781 = CARTESIAN_POINT ( 'NONE',  ( -17.97152872702093873, 14.02500000000000036, -3.896657060467226152 ) ) ;
#1782 = AXIS2_PLACEMENT_3D ( 'NONE', #501, #1272, #225 ) ;
#1783 = DIRECTION ( 'NONE',  ( -0.000000000000000000, -0.000000000000000000, -1.000000000000000000 ) ) ;
#1784 = EDGE_CURVE ( 'NONE', #1774, #894, #908, .T. ) ;
#1785 = CARTESIAN_POINT ( 'NONE',  ( -7.743281890739136308, 14.02500000000000036, 11.05855259790137879 ) ) ;
#1786 = CARTESIAN_POINT ( 'NONE',  ( 1.175132463422589923, 0.000000000000000000, -3.147866530431425058 ) ) ;
#1787 = VERTEX_POINT ( 'NONE', #1875 ) ;
#1788 = EDGE_CURVE ( 'NONE', #863, #1216, #1573, .T. ) ;
#1789 = CARTESIAN_POINT ( 'NONE',  ( -3.775011224053398173, -7.499999999999999112, 4.836247538978009963 ) ) ;
#1790 = CARTESIAN_POINT ( 'NONE',  ( -3.983004498646960378, 2.500000000000000444, 5.984828749743642540 ) ) ;
#1791 = CARTESIAN_POINT ( 'NONE',  ( -17.97152872702093873, 14.02500000000000036, 3.896657060467226152 ) ) ;
#1792 = CARTESIAN_POINT ( 'NONE',  ( -3.650000000000003464, -8.078555197738248594, -6.599999999999999645 ) ) ;
#1793 = VERTEX_POINT ( 'NONE', #241 ) ;
#1794 = DIRECTION ( 'NONE',  ( -0.000000000000000000, 1.000000000000000000, -0.000000000000000000 ) ) ;
#1795 = ADVANCED_FACE ( 'NONE', ( #187 ), #834, .T. ) ;
#1796 = AXIS2_PLACEMENT_3D ( 'NONE', #1305, #63, #246 ) ;
#1797 = ORIENTED_EDGE ( 'NONE', *, *, #849, .F. ) ;
#1798 = CARTESIAN_POINT ( 'NONE',  ( -3.983004498646960378, -8.078555197738248594, 5.984828749743642540 ) ) ;
#1799 = AXIS2_PLACEMENT_3D ( 'NONE', #1169, #535, #570 ) ;
#1800 = CARTESIAN_POINT ( 'NONE',  ( 1.347111479062088207E-15, -42.61269837220808654, -11.00000000000000000 ) ) ;
#1801 = EDGE_CURVE ( 'NONE', #1475, #545, #914, .T. ) ;
#1802 = CLOSED_SHELL ( 'NONE', ( #1548, #1056, #1072, #1327, #755, #959, #494, #1387, #19, #663, #145, #1083, #297, #1095 ) ) ;
#1803 = DIRECTION ( 'NONE',  ( 0.6156614753256597350, 0.000000000000000000, -0.7880107536067209040 ) ) ;
#1804 = CARTESIAN_POINT ( 'NONE',  ( 0.000000000000000000, 2.500000000000000444, 0.000000000000000000 ) ) ;
#1805 = VERTEX_POINT ( 'NONE', #1466 ) ;
#1806 = DIRECTION ( 'NONE',  ( 0.000000000000000000, 1.000000000000000000, 0.000000000000000000 ) ) ;
#1807 = VERTEX_POINT ( 'NONE', #1658 ) ;
#1808 = DIRECTION ( 'NONE',  ( 0.000000000000000000, 0.000000000000000000, -1.000000000000000000 ) ) ;
#1809 = DIRECTION ( 'NONE',  ( 0.000000000000000000, 0.000000000000000000, 1.000000000000000000 ) ) ;
#1810 = EDGE_LOOP ( 'NONE', ( #284, #868, #1634, #1550, #320, #1554, #78, #1576, #468, #1356 ) ) ;
#1811 = DIRECTION ( 'NONE',  ( 0.000000000000000000, 0.000000000000000000, 1.000000000000000000 ) ) ;
#1812 = ORIENTED_EDGE ( 'NONE', *, *, #1815, .T. ) ;
#1813 = EDGE_LOOP ( 'NONE', ( #1299, #2017, #1539, #1625, #1901, #1274, #1524, #564, #968 ) ) ;
#1814 = CARTESIAN_POINT ( 'NONE',  ( 5.647869952738888699, -7.500000000000000888, 2.191817738077063371 ) ) ;
#1815 = EDGE_CURVE ( 'NONE', #644, #829, #1543, .T. ) ;
#1816 = VERTEX_POINT ( 'NONE', #1030 ) ;
#1817 = EDGE_CURVE ( 'NONE', #1903, #1828, #217, .T. ) ;
#1818 = CARTESIAN_POINT ( 'NONE',  ( 0.000000000000000000, 14.02500000000000036, 13.50000000000000000 ) ) ;
#1819 = ORIENTED_EDGE ( 'NONE', *, *, #1398, .F. ) ;
#1820 = DIRECTION ( 'NONE',  ( 0.000000000000000000, 0.000000000000000000, -1.000000000000000000 ) ) ;
#1821 = PLANE ( 'NONE',  #281 ) ;
#1822 = ORIENTED_EDGE ( 'NONE', *, *, #853, .F. ) ;
#1823 = ORIENTED_EDGE ( 'NONE', *, *, #1037, .T. ) ;
#1824 = CARTESIAN_POINT ( 'NONE',  ( 0.000000000000000000, -3.749999999999999556, 3.500537618869138168 ) ) ;
#1825 = DIRECTION ( 'NONE',  ( -0.000000000000000000, 1.000000000000000000, -0.000000000000000000 ) ) ;
#1826 = VERTEX_POINT ( 'NONE', #1147 ) ;
#1827 = CARTESIAN_POINT ( 'NONE',  ( 3.554620936631644135, -3.749999999999999556, 4.871054300339913823 ) ) ;
#1828 = VERTEX_POINT ( 'NONE', #1748 ) ;
#1829 = VERTEX_POINT ( 'NONE', #1737 ) ;
#1830 = DIRECTION ( 'NONE',  ( -0.8386705679454234952, 0.000000000000000000, 0.5446390350150278614 ) ) ;
#1831 = APPLICATION_CONTEXT ( 'automotive_design' ) ;
#1832 = ORIENTED_EDGE ( 'NONE', *, *, #1687, .T. ) ;
#1833 = DIRECTION ( 'NONE',  ( -0.8386705679454233842, 0.000000000000000000, 0.5446390350150283055 ) ) ;
#1834 = DIRECTION ( 'NONE',  ( 0.6156614753256596240, 0.000000000000000000, -0.7880107536067210150 ) ) ;
#1835 = ADVANCED_FACE ( 'NONE', ( #1589 ), #1245, .F. ) ;
#1836 = ORIENTED_EDGE ( 'NONE', *, *, #633, .F. ) ;
#1837 = ADVANCED_FACE ( 'NONE', ( #1593 ), #355, .F. ) ;
#1838 = DIRECTION ( 'NONE',  ( 0.000000000000000000, 1.000000000000000000, -2.312964634635742957E-16 ) ) ;
#1839 = EDGE_CURVE ( 'NONE', #1322, #191, #1499, .T. ) ;
#1840 = EDGE_CURVE ( 'NONE', #97, #1777, #987, .T. ) ;
#1841 = PLANE ( 'NONE',  #465 ) ;
#1842 = EDGE_CURVE ( 'NONE', #122, #678, #945, .T. ) ;
#1843 = PLANE ( 'NONE',  #269 ) ;
#1844 = DIRECTION ( 'NONE',  ( 0.000000000000000000, 1.000000000000000000, 0.000000000000000000 ) ) ;
#1845 = DIRECTION ( 'NONE',  ( 0.7880107536067209040, -0.000000000000000000, 0.6156614753256597350 ) ) ;
#1846 = CARTESIAN_POINT ( 'NONE',  ( 1.175132463422589923, -7.500000000000000000, -3.147866530431425058 ) ) ;
#1847 = ORIENTED_EDGE ( 'NONE', *, *, #884, .F. ) ;
#1848 = UNCERTAINTY_MEASURE_WITH_UNIT (LENGTH_MEASURE( 1.000000000000000082E-05 ), #1457, 'distance_accuracy_value', 'NONE');
#1849 = CARTESIAN_POINT ( 'NONE',  ( -7.743281890739136308, 16.50000000000000000, 11.05855259790137879 ) ) ;
#1850 = DIRECTION ( 'NONE',  ( -0.5446390350150278614, -2.168404344971008375E-16, -0.8386705679454234952 ) ) ;
#1851 = ORIENTED_EDGE ( 'NONE', *, *, #1862, .F. ) ;
#1852 = DIRECTION ( 'NONE',  ( 0.000000000000000000, -0.6189361771296985060, -0.7854412827449767098 ) ) ;
#1853 = AXIS2_PLACEMENT_3D ( 'NONE', #1933, #1271, #1154 ) ;
#1854 = ORIENTED_EDGE ( 'NONE', *, *, #1815, .F. ) ;
#1855 = AXIS2_PLACEMENT_3D ( 'NONE', #584, #1722, #188 ) ;
#1856 = ORIENTED_EDGE ( 'NONE', *, *, #1840, .F. ) ;
#1857 = DIRECTION ( 'NONE',  ( -1.000000000000000000, 0.000000000000000000, -0.000000000000000000 ) ) ;
#1858 = DIRECTION ( 'NONE',  ( 0.000000000000000000, 1.000000000000000000, 0.000000000000000000 ) ) ;
#1859 = CARTESIAN_POINT ( 'NONE',  ( -1.750000000000000222, -7.500000000000000000, -5.799999999999999822 ) ) ;
#1860 = DIRECTION ( 'NONE',  ( 0.000000000000000000, 1.000000000000000000, 0.000000000000000000 ) ) ;
#1861 =( GEOMETRIC_REPRESENTATION_CONTEXT ( 3 ) GLOBAL_UNCERTAINTY_ASSIGNED_CONTEXT ( ( #1140 ) ) GLOBAL_UNIT_ASSIGNED_CONTEXT ( ( #1099, #1230, #1556 ) ) REPRESENTATION_CONTEXT ( 'NONE', 'WORKASPACE' ) );
#1862 = EDGE_CURVE ( 'NONE', #1816, #1352, #1663, .T. ) ;
#1863 = CARTESIAN_POINT ( 'NONE',  ( -4.210722452065420285, -7.499999999999999112, 4.165311084621668769 ) ) ;
#1864 = EDGE_CURVE ( 'NONE', #81, #186, #922, .T. ) ;
#1865 = DIRECTION ( 'NONE',  ( 0.8386705679454234952, -0.000000000000000000, -0.5446390350150278614 ) ) ;
#1866 = DIRECTION ( 'NONE',  ( 1.000000000000000000, -2.478176394252582620E-16, 0.000000000000000000 ) ) ;
#1867 = CARTESIAN_POINT ( 'NONE',  ( -3.650000000000003464, 0.000000000000000000, -5.799999999999999822 ) ) ;
#1868 = FACE_OUTER_BOUND ( 'NONE', #149, .T. ) ;
#1869 = CARTESIAN_POINT ( 'NONE',  ( 0.000000000000000000, -3.749999999999999556, -5.799999999999999822 ) ) ;
#1870 = LINE ( 'NONE', #2006, #1206 ) ;
#1871 = ORIENTED_EDGE ( 'NONE', *, *, #801, .T. ) ;
#1872 = CARTESIAN_POINT ( 'NONE',  ( -6.416510543876282391, 2.500000000000000444, 0.7686952844427060727 ) ) ;
#1873 = VECTOR ( 'NONE', #1349, 1000.000000000000000 ) ;
#1874 = ORIENTED_EDGE ( 'NONE', *, *, #1911, .F. ) ;
#1875 = CARTESIAN_POINT ( 'NONE',  ( 1.650000000000000133, -3.749999999999999556, -5.799999999999999822 ) ) ;
#1876 = DIRECTION ( 'NONE',  ( 0.000000000000000000, 1.000000000000000000, 0.000000000000000000 ) ) ;
#1877 = ADVANCED_FACE ( 'NONE', ( #932, #306, #1668 ), #406, .T. ) ;
#1878 = ORIENTED_EDGE ( 'NONE', *, *, #289, .T. ) ;
#1879 = CARTESIAN_POINT ( 'NONE',  ( -5.535225748439793314, -3.749999999999998668, 3.594617631099185751 ) ) ;
#1880 = DIRECTION ( 'NONE',  ( 0.000000000000000000, 0.7071067811865431318, 0.7071067811865517916 ) ) ;
#1881 = EDGE_CURVE ( 'NONE', #1076, #551, #1607, .T. ) ;
#1882 = EDGE_CURVE ( 'NONE', #631, #1793, #1002, .T. ) ;
#1883 = CONICAL_SURFACE ( 'NONE', #129, 11.00000000000000000, 0.7853981633974543852 ) ;
#1884 = ORIENTED_EDGE ( 'NONE', *, *, #1940, .T. ) ;
#1885 = PLANE ( 'NONE',  #1060 ) ;
#1886 = LINE ( 'NONE', #1792, #1873 ) ;
#1887 = CARTESIAN_POINT ( 'NONE',  ( -2.750000000000000444, 0.000000000000000000, -5.799999999999999822 ) ) ;
#1888 = MANIFOLD_SOLID_BREP ( 'Fillet1', #1366 ) ;
#1889 = CARTESIAN_POINT ( 'NONE',  ( -7.743281890739137197, 16.50000000000000000, -11.05855259790137879 ) ) ;
#1890 = CIRCLE ( 'NONE', #357, 4.756939920536306765 ) ;
#1891 = ORIENTED_EDGE ( 'NONE', *, *, #777, .F. ) ;
#1892 = CARTESIAN_POINT ( 'NONE',  ( -3.650000000000003464, -8.078555197738248594, -5.799999999999999822 ) ) ;
#1893 = VECTOR ( 'NONE', #1720, 999.9999999999998863 ) ;
#1894 = ORIENTED_EDGE ( 'NONE', *, *, #1237, .F. ) ;
#1895 = APPLICATION_CONTEXT ( 'automotive_design' ) ;
#1896 = ORIENTED_EDGE ( 'NONE', *, *, #477, .T. ) ;
#1897 = VECTOR ( 'NONE', #703, 1000.000000000000000 ) ;
#1898 = VECTOR ( 'NONE', #752, 1000.000000000000000 ) ;
#1899 = DIRECTION ( 'NONE',  ( 0.5735764363510470476, -0.000000000000000000, 0.8191520442889911324 ) ) ;
#1900 = VECTOR ( 'NONE', #331, 1000.000000000000114 ) ;
#1901 = ORIENTED_EDGE ( 'NONE', *, *, #497, .T. ) ;
#1902 = DIRECTION ( 'NONE',  ( 0.000000000000000000, 1.000000000000000000, -0.000000000000000000 ) ) ;
#1903 = VERTEX_POINT ( 'NONE', #322 ) ;
#1904 = VECTOR ( 'NONE', #595, 1000.000000000000000 ) ;
#1905 = MECHANICAL_DESIGN_GEOMETRIC_PRESENTATION_REPRESENTATION (  '', ( #1476 ), #964 ) ;
#1906 = LINE ( 'NONE', #1179, #567 ) ;
#1907 = DIRECTION ( 'NONE',  ( 0.000000000000000000, 0.000000000000000000, -1.000000000000000000 ) ) ;
#1908 = ORIENTED_EDGE ( 'NONE', *, *, #1842, .F. ) ;
#1909 = FACE_OUTER_BOUND ( 'NONE', #273, .T. ) ;
#1910 = VECTOR ( 'NONE', #943, 1000.000000000000114 ) ;
#1911 = EDGE_CURVE ( 'NONE', #459, #1283, #1647, .T. ) ;
#1912 = EDGE_CURVE ( 'NONE', #604, #1288, #286, .T. ) ;
#1913 = CARTESIAN_POINT ( 'NONE',  ( -15.04999999999999893, 16.50000000000000000, 0.000000000000000000 ) ) ;
#1914 = ORIENTED_EDGE ( 'NONE', *, *, #670, .T. ) ;
#1915 = VECTOR ( 'NONE', #1134, 1000.000000000000114 ) ;
#1916 = ORIENTED_EDGE ( 'NONE', *, *, #563, .F. ) ;
#1917 = FILL_AREA_STYLE ('',( #1672 ) ) ;
#1918 = VECTOR ( 'NONE', #1876, 1000.000000000000000 ) ;
#1919 = FACE_OUTER_BOUND ( 'NONE', #1094, .T. ) ;
#1920 = CARTESIAN_POINT ( 'NONE',  ( -1.742619852786404078, -3.749999999999999556, -3.455363898317035609 ) ) ;
#1921 = EDGE_LOOP ( 'NONE', ( #1155, #1441, #1738, #1797 ) ) ;
#1922 = AXIS2_PLACEMENT_3D ( 'NONE', #162, #121, #556 ) ;
#1923 = LINE ( 'NONE', #1049, #593 ) ;
#1924 = CARTESIAN_POINT ( 'NONE',  ( -3.650000000000003464, -8.078555197738248594, -6.599999999999999645 ) ) ;
#1925 = COLOUR_RGB ( '',0.2509803921568627416, 0.2509803921568627416, 0.2509803921568627416 ) ;
#1926 = UNCERTAINTY_MEASURE_WITH_UNIT (LENGTH_MEASURE( 1.000000000000000082E-05 ), #1727, 'distance_accuracy_value', 'NONE');
#1927 = AXIS2_PLACEMENT_3D ( 'NONE', #446, #1731, #1090 ) ;
#1928 = DIRECTION ( 'NONE',  ( 1.056499167829731051E-16, -1.000000000000000000, 1.626866052840262448E-16 ) ) ;
#1929 = FACE_OUTER_BOUND ( 'NONE', #1321, .T. ) ;
#1930 = LINE ( 'NONE', #515, #1231 ) ;
#1931 = DIRECTION ( 'NONE',  ( -0.4353384041180882180, -0.7071067811865476838, 0.5572077475232337651 ) ) ;
#1932 = ORIENTED_EDGE ( 'NONE', *, *, #1263, .T. ) ;
#1933 = CARTESIAN_POINT ( 'NONE',  ( -2.750000000000000444, -6.500000000000000000, 3.500537618869138168 ) ) ;
#1934 = ADVANCED_FACE ( 'NONE', ( #1653 ), #1695, .F. ) ;
#1935 = EDGE_LOOP ( 'NONE', ( #1392, #38, #1769, #323 ) ) ;
#1936 = FILL_AREA_STYLE_COLOUR ( '', #997 ) ;
#1937 = AXIS2_PLACEMENT_3D ( 'NONE', #2018, #1250, #443 ) ;
#1938 = ORIENTED_EDGE ( 'NONE', *, *, #883, .T. ) ;
#1939 = LINE ( 'NONE', #523, #1897 ) ;
#1940 = EDGE_CURVE ( 'NONE', #1216, #92, #925, .T. ) ;
#1941 = ORIENTED_EDGE ( 'NONE', *, *, #55, .T. ) ;
#1942 = CARTESIAN_POINT ( 'NONE',  ( 7.743281890739133644, 14.02500000000000036, -11.05855259790138057 ) ) ;
#1943 = CARTESIAN_POINT ( 'NONE',  ( 0.000000000000000000, -3.749999999999999556, -5.799999999999999822 ) ) ;
#1944 = EDGE_CURVE ( 'NONE', #533, #1288, #958, .T. ) ;
#1945 = EDGE_LOOP ( 'NONE', ( #25, #995, #31, #181 ) ) ;
#1946 = LINE ( 'NONE', #909, #1273 ) ;
#1947 = DIRECTION ( 'NONE',  ( 0.5735764363510470476, 0.000000000000000000, -0.8191520442889911324 ) ) ;
#1948 = CIRCLE ( 'NONE', #1144, 13.50000000000000000 ) ;
#1949 = EDGE_CURVE ( 'NONE', #1779, #1977, #1623, .T. ) ;
#1950 = VECTOR ( 'NONE', #586, 1000.000000000000000 ) ;
#1951 = VECTOR ( 'NONE', #897, 999.9999999999998863 ) ;
#1952 = CARTESIAN_POINT ( 'NONE',  ( -3.650000000000003464, 0.000000000000000000, -6.599999999999999645 ) ) ;
#1953 = LINE ( 'NONE', #1215, #1241 ) ;
#1954 = ORIENTED_EDGE ( 'NONE', *, *, #102, .F. ) ;
#1955 = DIRECTION ( 'NONE',  ( -0.000000000000000000, 1.000000000000000000, -0.000000000000000000 ) ) ;
#1956 = LINE ( 'NONE', #1153, #557 ) ;
#1957 = ADVANCED_FACE ( 'NONE', ( #245, #302, #300, #1643 ), #875, .F. ) ;
#1958 = VERTEX_POINT ( 'NONE', #1319 ) ;
#1959 = DIRECTION ( 'NONE',  ( -0.7880107536067209040, 0.000000000000000000, -0.6156614753256597350 ) ) ;
#1960 = DIRECTION ( 'NONE',  ( 0.000000000000000000, 0.000000000000000000, 1.000000000000000000 ) ) ;
#1961 = AXIS2_PLACEMENT_3D ( 'NONE', #1359, #293, #1298 ) ;
#1962 = ORIENTED_EDGE ( 'NONE', *, *, #1501, .T. ) ;
#1963 = LINE ( 'NONE', #1012, #1915 ) ;
#1964 = ORIENTED_EDGE ( 'NONE', *, *, #1568, .T. ) ;
#1965 = DIRECTION ( 'NONE',  ( -1.000000000000000000, 0.000000000000000000, 0.000000000000000000 ) ) ;
#1966 = VECTOR ( 'NONE', #537, 1000.000000000000000 ) ;
#1967 = ORIENTED_EDGE ( 'NONE', *, *, #1999, .T. ) ;
#1968 = CARTESIAN_POINT ( 'NONE',  ( 5.200870973804364361, -3.749999999999999556, 4.063365737149355894 ) ) ;
#1969 = EDGE_CURVE ( 'NONE', #1958, #1162, #1601, .T. ) ;
#1970 = ORIENTED_EDGE ( 'NONE', *, *, #479, .F. ) ;
#1971 = CARTESIAN_POINT ( 'NONE',  ( -1.650000000000000133, -3.749999999999999556, -6.599999999999999645 ) ) ;
#1972 = CARTESIAN_POINT ( 'NONE',  ( -5.045050616926268994, -3.749999999999998668, 4.349421142250068151 ) ) ;
#1973 = EDGE_LOOP ( 'NONE', ( #702, #1052, #1092, #67 ) ) ;
#1974 = EDGE_CURVE ( 'NONE', #1076, #1977, #975, .T. ) ;
#1975 = ORIENTED_EDGE ( 'NONE', *, *, #452, .T. ) ;
#1976 = CARTESIAN_POINT ( 'NONE',  ( 1.749999999999999334, -7.500000000000000888, 3.500537618869138168 ) ) ;
#1977 = VERTEX_POINT ( 'NONE', #525 ) ;
#1978 = LINE ( 'NONE', #1980, #1246 ) ;
#1979 = ORIENTED_EDGE ( 'NONE', *, *, #1481, .T. ) ;
#1980 = CARTESIAN_POINT ( 'NONE',  ( 6.817626755857640219, 2.500000000000000444, 0.6945973062242969398 ) ) ;
#1981 = ORIENTED_EDGE ( 'NONE', *, *, #745, .T. ) ;
#1982 = VECTOR ( 'NONE', #255, 999.9999999999998863 ) ;
#1983 = ORIENTED_EDGE ( 'NONE', *, *, #801, .F. ) ;
#1984 =( NAMED_UNIT ( * ) SI_UNIT ( $, .STERADIAN. ) SOLID_ANGLE_UNIT ( ) );
#1985 = VERTEX_POINT ( 'NONE', #333 ) ;
#1986 = VECTOR ( 'NONE', #1168, 1000.000000000000114 ) ;
#1987 = CARTESIAN_POINT ( 'NONE',  ( 3.507801916658799701, 0.000000000000000000, 6.230395309567837714 ) ) ;
#1988 = ORIENTED_EDGE ( 'NONE', *, *, #189, .T. ) ;
#1989 = CARTESIAN_POINT ( 'NONE',  ( 17.97152872702093873, 14.02500000000000036, -3.896657060467226152 ) ) ;
#1990 = CARTESIAN_POINT ( 'NONE',  ( 1.472637775974691892E-15, 14.02499999999999858, -12.02499999999999858 ) ) ;
#1991 = ORIENTED_EDGE ( 'NONE', *, *, #1291, .F. ) ;
#1992 = FACE_OUTER_BOUND ( 'NONE', #1066, .T. ) ;
#1993 = ORIENTED_EDGE ( 'NONE', *, *, #1453, .T. ) ;
#1994 = CARTESIAN_POINT ( 'NONE',  ( 2.953706588865701033, 0.000000000000000000, 6.939604987813889458 ) ) ;
#1995 = AXIS2_PLACEMENT_3D ( 'NONE', #1436, #1860, #5 ) ;
#1996 = VECTOR ( 'NONE', #892, 1000.000000000000000 ) ;
#1997 = ORIENTED_EDGE ( 'NONE', *, *, #1687, .F. ) ;
#1998 = ADVANCED_FACE ( 'NONE', ( #249 ), #347, .T. ) ;
#1999 = EDGE_CURVE ( 'NONE', #416, #1774, #928, .T. ) ;
#2000 = CIRCLE ( 'NONE', #44, 4.756939920536306765 ) ;
#2001 = CARTESIAN_POINT ( 'NONE',  ( 3.649999999999996358, 2.500000000000000444, -6.599999999999999645 ) ) ;
#2002 = EDGE_LOOP ( 'NONE', ( #1688, #1819, #60, #65 ) ) ;
#2003 = EDGE_CURVE ( 'NONE', #1281, #344, #253, .T. ) ;
#2004 = CARTESIAN_POINT ( 'NONE',  ( 2.953706588865701033, -8.078555197738248594, 6.939604987813889458 ) ) ;
#2005 = EDGE_LOOP ( 'NONE', ( #1991, #773, #499, #1185 ) ) ;
#2006 = CARTESIAN_POINT ( 'NONE',  ( -2.750000000000000444, -6.500000000000000000, -5.799999999999999822 ) ) ;
#2007 = VERTEX_POINT ( 'NONE', #450 ) ;
#2008 = SURFACE_SIDE_STYLE ('',( #630 ) ) ;
#2009 = DIRECTION ( 'NONE',  ( -1.000000000000000000, 0.000000000000000000, 0.000000000000000000 ) ) ;
#2010 = FACE_OUTER_BOUND ( 'NONE', #654, .T. ) ;
#2011 = ORIENTED_EDGE ( 'NONE', *, *, #721, .F. ) ;
#2012 = FACE_OUTER_BOUND ( 'NONE', #1810, .T. ) ;
#2013 = ADVANCED_FACE ( 'NONE', ( #1612, #275 ), #974, .F. ) ;
#2014 = UNCERTAINTY_MEASURE_WITH_UNIT (LENGTH_MEASURE( 1.000000000000000082E-05 ), #1507, 'distance_accuracy_value', 'NONE');
#2015 = CARTESIAN_POINT ( 'NONE',  ( -1.750000000000000222, -7.500000000000000000, 3.500537618869138168 ) ) ;
#2016 = ORIENTED_EDGE ( 'NONE', *, *, #1203, .T. ) ;
#2017 = ORIENTED_EDGE ( 'NONE', *, *, #1911, .T. ) ;
#2018 = CARTESIAN_POINT ( 'NONE',  ( -17.97152872702093873, 14.02500000000000036, 3.896657060467226152 ) ) ;
#2019 = VECTOR ( 'NONE', #1382, 1000.000000000000000 ) ;
#2020 = EDGE_LOOP ( 'NONE', ( #1459, #125, #513, #1975 ) ) ;
#2021 = CARTESIAN_POINT ( 'NONE',  ( -7.743281890739137197, 14.02500000000000036, -11.05855259790137879 ) ) ;
#2022 = CARTESIAN_POINT ( 'NONE',  ( 0.000000000000000000, 2.500000000000000444, 0.000000000000000000 ) ) ;
#2023 = ORIENTED_EDGE ( 'NONE', *, *, #2029, .F. ) ;
#2024 = AXIS2_PLACEMENT_3D ( 'NONE', #1611, #1439, #381 ) ;
#2025 = PLANE ( 'NONE',  #1065 ) ;
#2026 = DIRECTION ( 'NONE',  ( -0.6156614753256615113, 0.000000000000000000, 0.7880107536067195717 ) ) ;
#2027 = ORIENTED_EDGE ( 'NONE', *, *, #910, .T. ) ;
#2028 = EDGE_CURVE ( 'NONE', #1656, #1779, #1618, .T. ) ;
#2029 = EDGE_CURVE ( 'NONE', #1985, #97, #267, .T. ) ;
#2030 = VECTOR ( 'NONE', #1718, 1000.000000000000000 ) ;
#2031 = CARTESIAN_POINT ( 'NONE',  ( 2.323297985980322888, 2.500000000000000444, 6.447075807553360072 ) ) ;
#2032 = EDGE_LOOP ( 'NONE', ( #1159, #69, #1812, #378 ) ) ;
#2033 = LINE ( 'NONE', #1762, #1986 ) ;
ENDSEC;
END-ISO-10303-21;
